timestamp,container_network_receive_MB.eth0,container_network_transmit_errors.eth0,container_network_receive_packets_dropped.eth0,container_network_transmit_MB.eth0,container_network_transmit_packets.eth0,container_network_transmit_packets_dropped.eth0,container_network_receive_errors.eth0,container_network_receive_packets.eth0
1648807200,0.023988247,0.0,0.0,0.06884432,189.5,0.0,0.0,302.5
1648807260,0.023988247,0.0,0.0,0.06884432,189.5,0.0,0.0,302.5
1648807320,0.028473854,0.0,0.0,0.106660366,222.5,0.0,0.0,358.5
1648807380,0.025706291,0.0,0.0,0.08756113,201.5,0.0,0.0,324.0
1648807440,0.026165009,0.0,0.0,0.08776665,204.5,0.0,0.0,329.0
1648807500,0.025779724,0.0,0.0,0.08728838,201.5,0.0,0.0,325.0
1648807560,0.6056495,0.0,0.0,0.12711334,360.5,0.0,0.0,500.5
1648807620,0.027833939,0.0,0.0,0.106322765,219.5,0.0,0.0,350.5
1648807680,0.026040554,0.0,0.0,0.08780718,205.5,0.0,0.0,327.5
1648807740,0.024383068,0.0,0.0,0.069245815,194.5,0.0,0.0,307.5
1648807800,0.024601936,0.0,0.0,0.0867157,194.0,0.0,0.0,309.5
1648807860,0.025292873,0.0,0.0,0.07009888,201.5,0.0,0.0,318.5
1648807920,0.02795887,0.0,0.0,0.12348747,216.5,0.0,0.0,351.0
1648807980,0.026705265,0.0,0.0,0.0884819,211.5,0.0,0.0,336.0
1648808040,0.02149105,0.0,0.0,0.050057888,173.0,0.0,0.0,269.5
1648808100,0.030819893,0.0,0.0,0.12584639,242.5,0.0,0.0,389.0
1648808160,0.02348423,0.0,0.0,0.06854534,186.0,0.0,0.0,295.5
1648808220,0.02379322,0.0,0.0,0.06889582,187.5,0.0,0.0,299.0
1648808280,0.027411938,0.0,0.0,0.10592604,212.5,0.0,0.0,345.5
1648808340,0.026726723,0.0,0.0,0.08803606,210.5,0.0,0.0,337.5
1648808400,0.027093887,0.0,0.0,0.10554552,211.0,0.0,0.0,342.0
1648808460,0.02715969,0.0,0.0,0.08875799,214.5,0.0,0.0,342.0
1648808520,0.021224022,0.0,0.0,0.04977846,170.0,0.0,0.0,266.5
1648808580,0.02776146,0.0,0.0,0.10623026,217.5,0.0,0.0,349.0
1648808640,0.026178837,0.0,0.0,0.08778429,206.0,0.0,0.0,330.5
1648808700,0.027184486,0.0,0.0,0.105679035,212.0,0.0,0.0,342.5
1648808760,0.024306297,0.0,0.0,0.05199623,192.5,0.0,0.0,307.5
1648808820,0.027479649,0.0,0.0,0.10605335,216.5,0.0,0.0,347.0
1648808880,0.02783966,0.0,0.0,0.10619736,215.0,0.0,0.0,351.0
1648808940,0.02249813,0.0,0.0,0.06767368,176.0,0.0,0.0,283.0
1648809000,0.023506165,0.0,0.0,0.069271564,185.0,0.0,0.0,296.5
1648809060,0.029029846,0.0,0.0,0.107679844,226.5,0.0,0.0,366.5
1648809120,0.024501324,0.0,0.0,0.0693531,193.5,0.0,0.0,309.0
1648809180,0.02719593,0.0,0.0,0.105920315,215.0,0.0,0.0,342.0
1648809240,0.02583313,0.0,0.0,0.087635994,204.0,0.0,0.0,325.0
1648809300,0.027371407,0.0,0.0,0.08870602,215.5,0.0,0.0,345.0
1648809360,0.3177538,0.0,0.0,0.12542725,292.5,0.0,0.0,430.5
1648809420,0.3136468,0.0,0.0,0.087954044,261.0,0.0,0.0,378.5
1648809480,0.029450893,0.0,0.0,0.0896821,225.0,0.0,0.0,345.5
1648809540,0.025190353,0.0,0.0,0.08716202,198.5,0.0,0.0,316.5
1648809600,0.025234222,0.0,0.0,0.086956024,196.0,0.0,0.0,318.0
1648809660,0.026175022,0.0,0.0,0.087873936,206.5,0.0,0.0,330.0
1648809720,0.024097443,0.0,0.0,0.069214344,192.0,0.0,0.0,303.0
1648809780,0.026477337,0.0,0.0,0.088107586,209.5,0.0,0.0,334.0
1648809840,0.026746273,0.0,0.0,0.08817053,210.5,0.0,0.0,338.0
1648809900,0.025920868,0.0,0.0,0.08740997,201.0,0.0,0.0,327.5
1648809960,0.026545048,0.0,0.0,0.10512066,205.5,0.0,0.0,334.5
1648810020,0.027517796,0.0,0.0,0.08885336,217.5,0.0,0.0,347.0
1648810080,0.026084423,0.0,0.0,0.087708,205.0,0.0,0.0,328.0
1648810140,0.025640488,0.0,0.0,0.087293625,200.0,0.0,0.0,323.5
1648810200,0.028734207,0.0,0.0,0.106854916,225.0,0.0,0.0,362.5
1648810260,0.021752834,0.0,0.0,0.05023718,173.5,0.0,0.0,274.0
1648810320,0.030629158,0.0,0.0,0.12544346,239.0,0.0,0.0,386.5
1648810380,0.024104595,0.0,0.0,0.06917286,191.5,0.0,0.0,303.5
1648810440,0.024835587,0.0,0.0,0.08673096,194.0,0.0,0.0,313.0
1648810500,0.025671959,0.0,0.0,0.08751297,202.5,0.0,0.0,323.0
1648810560,0.025716305,0.0,0.0,0.08756304,203.0,0.0,0.0,323.5
1648810620,0.026818275,0.0,0.0,0.10572481,213.0,0.0,0.0,337.0
1648810680,0.024121761,0.0,0.0,0.0692749,191.5,0.0,0.0,302.5
1648810740,0.024951458,0.0,0.0,0.06970692,197.5,0.0,0.0,315.0
1648818000,0.025742054,0.0,0.0,0.10471153,200.5,0.0,0.0,323.5
1648818060,0.025742054,0.0,0.0,0.10471153,200.5,0.0,0.0,323.5
1648818120,0.027205944,0.0,0.0,0.0885663,214.5,0.0,0.0,343.5
1648818180,0.026003838,0.0,0.0,0.0877285,204.5,0.0,0.0,327.0
1648818240,0.6150217,0.0,0.0,0.14416075,359.5,0.0,0.0,497.0
1648818300,0.02620411,0.0,0.0,0.08780384,206.0,0.0,0.0,331.0
1648818360,0.020250797,0.0,0.0,0.048954487,158.5,0.0,0.0,255.0
1648818420,0.030940056,0.0,0.0,0.10851908,243.5,0.0,0.0,391.0
1648818480,0.022846699,0.0,0.0,0.08538294,178.0,0.0,0.0,286.0
1648818540,0.031428814,0.0,0.0,0.1131258,240.0,0.0,0.0,388.5
1648818600,0.027798653,0.0,0.0,0.07534933,203.0,0.0,0.0,314.5
1648818660,0.024523258,0.0,0.0,0.06935787,193.5,0.0,0.0,309.5
1648818720,0.026473522,0.0,0.0,0.088115215,209.5,0.0,0.0,334.0
1648818780,0.029078007,0.0,0.0,0.124340534,226.5,0.0,0.0,366.0
1648818840,0.023519993,0.0,0.0,0.068655014,185.0,0.0,0.0,296.0
1648818900,0.026781559,0.0,0.0,0.08801699,208.0,0.0,0.0,339.5
1648818960,0.025955677,0.0,0.0,0.08746576,202.5,0.0,0.0,330.5
1648819020,0.029071331,0.0,0.0,0.10708809,227.5,0.0,0.0,369.0
1648819080,0.020087242,0.0,0.0,0.048853397,157.5,0.0,0.0,254.0
1648819140,0.029407978,0.0,0.0,0.10735464,231.5,0.0,0.0,372.5
1648819200,0.02414465,0.0,0.0,0.06913376,190.0,0.0,0.0,304.0
1648819260,0.025884151,0.0,0.0,0.087463856,201.5,0.0,0.0,326.5
1648819320,0.02573347,0.0,0.0,0.08751917,202.5,0.0,0.0,324.5
1648819380,0.029149055,0.0,0.0,0.12418747,225.0,0.0,0.0,367.5
1648819440,0.02330637,0.0,0.0,0.051167965,183.5,0.0,0.0,294.5
1648819500,0.026153088,0.0,0.0,0.08760786,203.0,0.0,0.0,331.0
1648819560,0.026461124,0.0,0.0,0.105008125,204.5,0.0,0.0,336.0
1648819620,0.028976917,0.0,0.0,0.10697651,227.0,0.0,0.0,368.5
1648819680,0.023214817,0.0,0.0,0.06849098,183.0,0.0,0.0,291.5
1648819740,0.023935795,0.0,0.0,0.06870842,185.0,0.0,0.0,304.5
1648819800,0.025799274,0.0,0.0,0.08743811,202.0,0.0,0.0,327.5
1648819860,0.026401997,0.0,0.0,0.087702274,204.5,0.0,0.0,338.5
1648819920,0.33371353,0.0,0.0,0.12767935,313.5,0.0,0.0,467.5
1648819980,0.32707596,0.0,0.0,0.12358475,271.5,0.0,0.0,407.5
1648820040,0.023658752,0.0,0.0,0.068701744,186.5,0.0,0.0,298.5
1648820100,0.027155876,0.0,0.0,0.08799744,208.0,0.0,0.0,350.0
1648820160,0.024653435,0.0,0.0,0.08643341,191.0,0.0,0.0,313.0
1648820220,0.028197289,0.0,0.0,0.071457386,216.5,0.0,0.0,347.0
1648820280,0.031175613,0.0,0.0,0.12511015,236.0,0.0,0.0,384.5
1648820340,0.02499342,0.0,0.0,0.06960821,196.5,0.0,0.0,318.0
1648820400,0.023954868,0.0,0.0,0.06855726,184.5,0.0,0.0,306.5
1648820460,0.02715969,0.0,0.0,0.08816433,210.0,0.0,0.0,346.5
1648820520,0.029177666,0.0,0.0,0.12333393,216.0,0.0,0.0,373.5
1648820580,0.023934841,0.0,0.0,0.051455975,187.0,0.0,0.0,301.0
1648820640,0.028963566,0.0,0.0,0.10636091,220.5,0.0,0.0,372.5
1648820700,0.028505325,0.0,0.0,0.088835716,217.5,0.0,0.0,367.5
1648820760,0.027420998,0.0,0.0,0.088142395,209.5,0.0,0.0,348.5
1648820820,0.027099133,0.0,0.0,0.10541105,209.5,0.0,0.0,345.0
1648820880,0.02436781,0.0,0.0,0.068944454,190.0,0.0,0.0,312.5
1648820940,0.028046608,0.0,0.0,0.10627651,219.0,0.0,0.0,357.5
1648821000,0.02270794,0.0,0.0,0.067845345,176.0,0.0,0.0,288.0
1648821060,0.026612282,0.0,0.0,0.08781242,207.5,0.0,0.0,342.5
1648821120,0.025443077,0.0,0.0,0.08726406,199.5,0.0,0.0,321.0
1648821180,0.027083397,0.0,0.0,0.087818146,206.0,0.0,0.0,351.5
1648821240,0.029303074,0.0,0.0,0.10703516,227.5,0.0,0.0,374.5
1648821300,0.026127815,0.0,0.0,0.08751488,204.0,0.0,0.0,337.0
1648821360,0.02483368,0.0,0.0,0.069309235,193.0,0.0,0.0,320.5
1648821420,0.026192188,0.0,0.0,0.08766985,205.0,0.0,0.0,333.5
1648821480,0.028529167,0.0,0.0,0.10569763,213.0,0.0,0.0,374.5
1648821540,0.024315357,0.0,0.0,0.06938124,189.5,0.0,0.0,308.0
1648753200,0.02433014,0.0,0.0,0.051576614,188.5,0.0,0.0,316.5
1648753260,0.02433014,0.0,0.0,0.051576614,188.5,0.0,0.0,316.5
1648753320,0.029404163,0.0,0.0,0.10673618,223.5,0.0,0.0,381.5
1648753380,0.02699995,0.0,0.0,0.10527134,207.0,0.0,0.0,346.5
1648753440,0.024199009,0.0,0.0,0.06877613,187.0,0.0,0.0,312.0
1648753500,0.027257442,0.0,0.0,0.08818388,210.0,0.0,0.0,350.5
1648753560,0.028282642,0.0,0.0,0.10604477,215.5,0.0,0.0,364.5
1648753620,0.023976803,0.0,0.0,0.06898689,189.5,0.0,0.0,304.0
1648753680,0.029114723,0.0,0.0,0.106460094,221.5,0.0,0.0,381.0
1648753740,0.026546478,0.0,0.0,0.08746147,202.0,0.0,0.0,343.5
1648753800,0.027113438,0.0,0.0,0.08809614,209.5,0.0,0.0,350.5
1648753860,0.022775173,0.0,0.0,0.06796932,177.0,0.0,0.0,289.5
1648753920,0.0289855,0.0,0.0,0.089337826,223.5,0.0,0.0,375.5
1648753980,0.025027275,0.0,0.0,0.08679867,195.0,0.0,0.0,318.5
1648754040,0.0258255,0.0,0.0,0.06982374,199.0,0.0,0.0,337.5
1648754100,0.025582314,0.0,0.0,0.10450888,198.5,0.0,0.0,325.0
1648754160,0.027306557,0.0,0.0,0.08818817,209.5,0.0,0.0,350.5
1648754220,0.025261879,0.0,0.0,0.06977987,198.5,0.0,0.0,324.0
1648754280,0.029248238,0.0,0.0,0.123812675,221.0,0.0,0.0,378.5
1648754340,0.021989822,0.0,0.0,0.05019951,172.5,0.0,0.0,279.5
1648754400,0.025370598,0.0,0.0,0.08663845,192.0,0.0,0.0,328.0
1648754460,0.029776573,0.0,0.0,0.10753679,233.5,0.0,0.0,380.5
1648754520,0.028714657,0.0,0.0,0.10662079,222.5,0.0,0.0,367.5
1648754580,0.024653912,0.0,0.0,0.069067,190.0,0.0,0.0,318.5
1648754640,0.31562328,0.0,0.0,0.10706043,276.5,0.0,0.0,428.5
1648754700,0.31095266,0.0,0.0,0.103765965,238.5,0.0,0.0,365.5
1648754760,0.027170658,0.0,0.0,0.07075405,209.0,0.0,0.0,353.0
1648754820,0.029681683,0.0,0.0,0.124405384,227.5,0.0,0.0,379.5
1648754880,0.024447441,0.0,0.0,0.06884527,187.5,0.0,0.0,315.5
1648754940,0.0276227,0.0,0.0,0.087984085,207.0,0.0,0.0,344.5
1648755000,0.028473377,0.0,0.0,0.08864212,214.5,0.0,0.0,358.5
1648755060,0.0245471,0.0,0.0,0.06876755,186.5,0.0,0.0,319.5
1648755120,0.026447773,0.0,0.0,0.08770609,204.5,0.0,0.0,340.5
1648755180,0.029725552,0.0,0.0,0.107123375,228.0,0.0,0.0,382.0
1648755240,0.024753094,0.0,0.0,0.08612871,186.0,0.0,0.0,322.0
1648755300,0.031187057,0.0,0.0,0.10815859,240.0,0.0,0.0,402.5
1648755360,0.023695469,0.0,0.0,0.0684309,183.5,0.0,0.0,305.0
1648755420,0.022761345,0.0,0.0,0.06770849,174.0,0.0,0.0,292.5
1648755480,0.03082323,0.0,0.0,0.1252141,237.5,0.0,0.0,395.0
1648755540,0.025578022,0.0,0.0,0.06954098,195.0,0.0,0.0,334.5
1648755600,0.026798248,0.0,0.0,0.08797741,207.0,0.0,0.0,342.5
1648755660,0.028535366,0.0,0.0,0.10608196,216.5,0.0,0.0,369.5
1648755720,0.022641182,0.0,0.0,0.050660133,177.5,0.0,0.0,287.5
1648755780,0.027550697,0.0,0.0,0.10535765,208.0,0.0,0.0,356.5
1648755840,0.026139736,0.0,0.0,0.070248604,203.0,0.0,0.0,336.0
1648755900,0.026299,0.0,0.0,0.10446358,198.0,0.0,0.0,340.5
1648755960,0.026480198,0.0,0.0,0.08766317,204.0,0.0,0.0,339.5
1648756020,0.030136108,0.0,0.0,0.1071887,228.5,0.0,0.0,390.5
1648756080,0.024334908,0.0,0.0,0.06894159,188.5,0.0,0.0,312.0
1648756140,0.027920723,0.0,0.0,0.10592604,215.0,0.0,0.0,360.0
1648756200,0.027277946,0.0,0.0,0.088210106,211.5,0.0,0.0,353.5
1648756260,0.023879528,0.0,0.0,0.0682559,182.5,0.0,0.0,308.0
1648756320,0.028275967,0.0,0.0,0.10637808,217.5,0.0,0.0,362.0
1648756380,0.026560307,0.0,0.0,0.0877099,204.5,0.0,0.0,342.5
1648756440,0.023893356,0.0,0.0,0.06871748,186.0,0.0,0.0,304.5
1648756500,0.027349949,0.0,0.0,0.088112354,208.0,0.0,0.0,353.5
1648756560,0.6459136,0.0,0.0,0.12837934,381.5,0.0,0.0,530.0
1648756620,0.028541565,0.0,0.0,0.10635233,219.5,0.0,0.0,368.0
1648756680,0.026346207,0.0,0.0,0.087509155,202.5,0.0,0.0,339.0
1648756740,0.02551508,0.0,0.0,0.069779396,198.0,0.0,0.0,329.0
1648792800,0.014977455,0.0,0.0,0.027863503,117.5,0.0,0.0,189.0
1648792860,0.014977455,0.0,0.0,0.027863503,117.5,0.0,0.0,189.0
1648792920,0.030024529,0.0,0.0,0.107201576,227.5,0.0,0.0,367.0
1648792980,0.029612541,0.0,0.0,0.10736084,231.0,0.0,0.0,360.5
1648793040,0.02371645,0.0,0.0,0.06870937,185.5,0.0,0.0,299.0
1648793100,0.021319866,0.0,0.0,0.084337234,168.5,0.0,0.0,268.5
1648793160,0.03263855,0.0,0.0,0.10975647,256.0,0.0,0.0,411.5
1648793220,0.024988651,0.0,0.0,0.0696125,196.0,0.0,0.0,315.5
1648793280,0.60812855,0.0,0.0,0.15035772,379.0,0.0,0.0,521.0
1648793340,0.022101402,0.0,0.0,0.05471754,169.0,0.0,0.0,270.5
1648793400,0.029371262,0.0,0.0,0.107486725,230.0,0.0,0.0,370.5
1648793460,0.028493404,0.0,0.0,0.10643768,220.0,0.0,0.0,361.0
1648793520,0.020614147,0.0,0.0,0.049072266,161.5,0.0,0.0,259.0
1648793580,0.028595448,0.0,0.0,0.089580536,224.0,0.0,0.0,362.0
1648793640,0.025166988,0.0,0.0,0.08707476,197.0,0.0,0.0,316.5
1648793700,0.027867317,0.0,0.0,0.10625315,219.0,0.0,0.0,351.5
1648793760,0.02635765,0.0,0.0,0.10527468,207.0,0.0,0.0,331.0
1648793820,0.022044659,0.0,0.0,0.05047369,175.0,0.0,0.0,276.5
1648793880,0.02895403,0.0,0.0,0.1242795,226.0,0.0,0.0,364.5
1648793940,0.024894714,0.0,0.0,0.06952381,197.5,0.0,0.0,314.5
1648794000,0.025776863,0.0,0.0,0.087803364,203.5,0.0,0.0,323.5
1648794060,0.02673769,0.0,0.0,0.08831358,212.0,0.0,0.0,337.0
1648794120,0.02652502,0.0,0.0,0.105093,205.0,0.0,0.0,334.0
1648794180,0.023873806,0.0,0.0,0.068581104,185.5,0.0,0.0,300.5
1648794240,0.02586937,0.0,0.0,0.08777571,203.0,0.0,0.0,325.0
1648794300,0.027210236,0.0,0.0,0.088602066,214.5,0.0,0.0,343.0
1648794360,0.022716999,0.0,0.0,0.06787062,178.0,0.0,0.0,285.5
1648794420,0.027630806,0.0,0.0,0.105725765,212.5,0.0,0.0,349.5
1648794480,0.024380684,0.0,0.0,0.06922579,191.5,0.0,0.0,307.0
1648794540,0.028623104,0.0,0.0,0.10662079,222.5,0.0,0.0,362.5
1648794600,0.028162956,0.0,0.0,0.10656452,220.0,0.0,0.0,355.0
1648794660,0.023109436,0.0,0.0,0.050999165,183.0,0.0,0.0,291.0
1648794720,0.029154778,0.0,0.0,0.10658026,220.0,0.0,0.0,340.0
1648794780,0.026891232,0.0,0.0,0.08836508,212.5,0.0,0.0,339.5
1648794840,0.028526306,0.0,0.0,0.10683155,222.0,0.0,0.0,359.0
1648794900,0.023576736,0.0,0.0,0.068572044,186.5,0.0,0.0,297.0
1648794960,0.60237265,0.0,0.0,0.10770702,341.5,0.0,0.0,454.0
1648795020,0.027872086,0.0,0.0,0.089063644,219.5,0.0,0.0,351.5
1648795080,0.028481483,0.0,0.0,0.106744766,222.0,0.0,0.0,359.5
1648795140,0.022303581,0.0,0.0,0.06757355,174.5,0.0,0.0,280.0
1648795200,0.027638435,0.0,0.0,0.088933945,219.0,0.0,0.0,349.0
1648795260,0.024993896,0.0,0.0,0.08694744,196.0,0.0,0.0,314.0
1648795320,0.027956486,0.0,0.0,0.10607815,216.5,0.0,0.0,353.0
1648795380,0.027897358,0.0,0.0,0.10606384,216.5,0.0,0.0,353.0
1648795440,0.02213192,0.0,0.0,0.050588608,176.5,0.0,0.0,277.5
1648795500,0.026118279,0.0,0.0,0.08769703,204.0,0.0,0.0,329.0
1648795560,0.030755997,0.0,0.0,0.12556028,239.0,0.0,0.0,389.0
1648795620,0.025287151,0.0,0.0,0.08704662,199.0,0.0,0.0,318.0
1648795680,0.023120403,0.0,0.0,0.06831837,181.0,0.0,0.0,290.5
1648795740,0.025107384,0.0,0.0,0.06990385,199.5,0.0,0.0,316.5
1648795800,0.025846481,0.0,0.0,0.10473013,200.5,0.0,0.0,324.5
1648795860,0.025583744,0.0,0.0,0.06996918,200.0,0.0,0.0,323.5
1648795920,0.02726841,0.0,0.0,0.105886936,214.0,0.0,0.0,343.0
1648795980,0.025110245,0.0,0.0,0.08711529,198.0,0.0,0.0,315.5
1648796040,0.025595665,0.0,0.0,0.08747673,202.0,0.0,0.0,322.0
1648796100,0.023320675,0.0,0.0,0.06860256,184.0,0.0,0.0,292.5
1648796160,0.027730465,0.0,0.0,0.088932514,218.5,0.0,0.0,350.5
1648796220,0.028940678,0.0,0.0,0.12425947,226.5,0.0,0.0,365.0
1648796280,0.024776459,0.0,0.0,0.086725235,193.5,0.0,0.0,311.5
1648796340,0.026641846,0.0,0.0,0.088012695,207.5,0.0,0.0,336.5
1648774800,0.028424263,0.0,0.0,0.08861923,215.5,0.0,0.0,371.5
1648774860,0.028424263,0.0,0.0,0.08861923,215.5,0.0,0.0,371.5
1648774920,0.024364948,0.0,0.0,0.08627081,189.0,0.0,0.0,308.5
1648774980,0.026063919,0.0,0.0,0.08736038,201.0,0.0,0.0,334.0
1648775040,0.028890133,0.0,0.0,0.10661507,223.0,0.0,0.0,368.5
1648775100,0.025500298,0.0,0.0,0.06949949,194.5,0.0,0.0,331.5
1648775160,0.026641369,0.0,0.0,0.08759737,203.5,0.0,0.0,340.0
1648775220,0.027220726,0.0,0.0,0.105193615,206.5,0.0,0.0,349.0
1648775280,0.028200626,0.0,0.0,0.106105804,218.0,0.0,0.0,362.0
1648775340,0.024113655,0.0,0.0,0.0686059,185.0,0.0,0.0,311.0
1648775400,0.026669025,0.0,0.0,0.08752966,202.0,0.0,0.0,341.0
1648775460,0.028912067,0.0,0.0,0.10622406,218.5,0.0,0.0,377.0
1648775520,0.02423954,0.0,0.0,0.06900549,189.0,0.0,0.0,307.5
1648775580,0.025610924,0.0,0.0,0.08694458,196.0,0.0,0.0,327.0
1648775640,0.029437065,0.0,0.0,0.08924675,221.0,0.0,0.0,349.0
1648775700,0.024384499,0.0,0.0,0.068911076,189.0,0.0,0.0,314.5
1648775760,0.02942133,0.0,0.0,0.10686684,225.5,0.0,0.0,378.0
1648775820,0.024476051,0.0,0.0,0.08595562,185.0,0.0,0.0,317.0
1648775880,0.02694273,0.0,0.0,0.07039356,204.5,0.0,0.0,350.0
1648775940,0.025271416,0.0,0.0,0.08661175,193.0,0.0,0.0,324.5
1648776000,0.025520802,0.0,0.0,0.08709574,198.0,0.0,0.0,325.0
1648776060,0.029658318,0.0,0.0,0.10684347,225.5,0.0,0.0,383.0
1648776120,0.025719643,0.0,0.0,0.08697319,196.0,0.0,0.0,330.5
1648776180,0.02955246,0.0,0.0,0.106743336,224.0,0.0,0.0,379.5
1648776240,0.024616718,0.0,0.0,0.06919575,192.0,0.0,0.0,316.0
1648776300,0.02595663,0.0,0.0,0.06969452,196.5,0.0,0.0,338.0
1648776360,0.02722311,0.0,0.0,0.1051321,206.5,0.0,0.0,350.0
1648776420,0.02752018,0.0,0.0,0.10526419,208.5,0.0,0.0,355.0
1648776480,0.027077675,0.0,0.0,0.08786583,206.0,0.0,0.0,350.0
1648776540,0.023264408,0.0,0.0,0.050796986,179.5,0.0,0.0,300.5
1648776600,0.03057003,0.0,0.0,0.1246748,231.0,0.0,0.0,394.5
1648776660,0.31373215,0.0,0.0,0.088878155,276.5,0.0,0.0,399.5
1648776720,0.31427002,0.0,0.0,0.089149,279.0,0.0,0.0,409.0
1648776780,0.02797985,0.0,0.0,0.08862114,214.0,0.0,0.0,357.0
1648776840,0.025466919,0.0,0.0,0.08654785,191.0,0.0,0.0,332.0
1648776900,0.02703619,0.0,0.0,0.08809328,208.5,0.0,0.0,345.0
1648776960,0.02643776,0.0,0.0,0.087724686,204.5,0.0,0.0,338.5
1648777020,0.030067444,0.0,0.0,0.1246748,230.5,0.0,0.0,385.5
1648777080,0.026340008,0.0,0.0,0.08773756,205.0,0.0,0.0,335.0
1648777140,0.023976326,0.0,0.0,0.06895304,188.5,0.0,0.0,306.0
1648777200,0.025762081,0.0,0.0,0.08727217,200.0,0.0,0.0,330.5
1648777260,0.027591228,0.0,0.0,0.088439465,212.5,0.0,0.0,352.5
1648777320,0.024730206,0.0,0.0,0.0866828,193.0,0.0,0.0,313.0
1648777380,0.029147148,0.0,0.0,0.10663748,223.0,0.0,0.0,379.0
1648777440,0.022069931,0.0,0.0,0.06770754,175.0,0.0,0.0,277.5
1648777500,0.030272007,0.0,0.0,0.0722065,223.5,0.0,0.0,363.0
1648777560,0.026658058,0.0,0.0,0.08806896,209.5,0.0,0.0,338.0
1648777620,0.028722763,0.0,0.0,0.08913517,221.5,0.0,0.0,374.0
1648777680,0.026741028,0.0,0.0,0.10527277,206.0,0.0,0.0,337.5
1648777740,0.02554512,0.0,0.0,0.08710575,198.5,0.0,0.0,325.0
1648777800,0.027312756,0.0,0.0,0.08858538,214.5,0.0,0.0,346.5
1648777860,0.02732277,0.0,0.0,0.10553789,209.5,0.0,0.0,346.5
1648777920,0.022420406,0.0,0.0,0.050522327,175.0,0.0,0.0,283.0
1648777980,0.024688244,0.0,0.0,0.086560726,191.0,0.0,0.0,312.0
1648778040,0.03030014,0.0,0.0,0.12509537,235.5,0.0,0.0,385.5
1648778100,0.023488045,0.0,0.0,0.051348686,185.5,0.0,0.0,298.5
1648778160,0.02720499,0.0,0.0,0.105519295,209.5,0.0,0.0,346.0
1648778220,0.025167465,0.0,0.0,0.086668015,193.0,0.0,0.0,321.0
1648778280,0.026677132,0.0,0.0,0.07055998,207.0,0.0,0.0,338.5
1648778340,0.0301404,0.0,0.0,0.1250186,234.0,0.0,0.0,381.5
1648814400,0.02828312,0.0,0.0,0.10645914,221.0,0.0,0.0,357.5
1648814460,0.02828312,0.0,0.0,0.10645914,221.0,0.0,0.0,357.5
1648814520,0.027340889,0.0,0.0,0.10587931,214.0,0.0,0.0,344.0
1648814580,0.31456423,0.0,0.0,0.106030464,266.0,0.0,0.0,393.0
1648814640,0.31083918,0.0,0.0,0.08622217,238.0,0.0,0.0,345.0
1648814700,0.027118683,0.0,0.0,0.08847618,212.5,0.0,0.0,342.0
1648814760,0.02519226,0.0,0.0,0.08709097,200.0,0.0,0.0,317.0
1648814820,0.023596764,0.0,0.0,0.06879091,186.5,0.0,0.0,296.5
1648814880,0.029022694,0.0,0.0,0.10717058,226.5,0.0,0.0,366.0
1648814940,0.027002335,0.0,0.0,0.08788872,209.0,0.0,0.0,328.5
1648815000,0.027524471,0.0,0.0,0.08861542,215.0,0.0,0.0,334.0
1648815060,0.028343678,0.0,0.0,0.089588165,224.5,0.0,0.0,358.0
1648815120,0.022835732,0.0,0.0,0.06809616,180.5,0.0,0.0,286.5
1648815180,0.029542923,0.0,0.0,0.12495184,232.5,0.0,0.0,372.0
1648815240,0.02025652,0.0,0.0,0.0489254,160.0,0.0,0.0,254.0
1648815300,0.027704716,0.0,0.0,0.088857174,217.5,0.0,0.0,350.0
1648815360,0.0273242,0.0,0.0,0.08862066,215.5,0.0,0.0,345.5
1648815420,0.025065899,0.0,0.0,0.086975574,196.0,0.0,0.0,315.0
1648815480,0.026367664,0.0,0.0,0.10524511,205.0,0.0,0.0,332.0
1648815540,0.027466297,0.0,0.0,0.08858013,216.5,0.0,0.0,347.0
1648815600,0.025596142,0.0,0.0,0.08746052,200.5,0.0,0.0,323.0
1648815660,0.02552414,0.0,0.0,0.08715963,200.5,0.0,0.0,321.5
1648815720,0.028357029,0.0,0.0,0.10687876,223.5,0.0,0.0,357.0
1648815780,0.020080566,0.0,0.0,0.048780918,158.0,0.0,0.0,251.5
1648815840,0.026573181,0.0,0.0,0.08818722,209.5,0.0,0.0,334.0
1648815900,0.026441574,0.0,0.0,0.08821869,210.0,0.0,0.0,332.0
1648815960,0.02646923,0.0,0.0,0.08805847,209.0,0.0,0.0,333.5
1648816020,0.026967049,0.0,0.0,0.105771065,211.5,0.0,0.0,339.5
1648816080,0.023584843,0.0,0.0,0.06851244,185.0,0.0,0.0,296.5
1648816140,0.027122974,0.0,0.0,0.08840799,212.5,0.0,0.0,342.5
1648816200,0.025542736,0.0,0.0,0.08730459,200.0,0.0,0.0,322.0
1648816260,0.028577328,0.0,0.0,0.106770515,224.5,0.0,0.0,360.5
1648816320,0.02762556,0.0,0.0,0.10616255,215.0,0.0,0.0,347.5
1648816380,0.6053457,0.0,0.0,0.12518263,345.0,0.0,0.0,469.0
1648816440,0.02605009,0.0,0.0,0.08765936,204.0,0.0,0.0,328.0
1648816500,0.024825573,0.0,0.0,0.069672585,196.5,0.0,0.0,312.5
1648816560,0.027802944,0.0,0.0,0.10619593,216.0,0.0,0.0,351.0
1648816620,0.026597023,0.0,0.0,0.0874815,202.0,0.0,0.0,322.0
1648816680,0.02853489,0.0,0.0,0.08926964,219.0,0.0,0.0,347.0
1648816740,0.021914482,0.0,0.0,0.06741047,172.5,0.0,0.0,274.5
1648816800,0.028207302,0.0,0.0,0.08922148,221.0,0.0,0.0,356.0
1648816860,0.024410725,0.0,0.0,0.086821556,192.5,0.0,0.0,306.0
1648816920,0.026650429,0.0,0.0,0.08833599,212.0,0.0,0.0,335.5
1648816980,0.026872635,0.0,0.0,0.088008404,210.0,0.0,0.0,340.0
1648817040,0.02470398,0.0,0.0,0.08677101,193.5,0.0,0.0,310.0
1648817100,0.023388863,0.0,0.0,0.06849241,184.0,0.0,0.0,295.0
1648817160,0.027699947,0.0,0.0,0.10594463,214.5,0.0,0.0,349.5
1648817220,0.023646832,0.0,0.0,0.068805695,186.5,0.0,0.0,297.0
1648817280,0.027141571,0.0,0.0,0.08843708,212.5,0.0,0.0,342.5
1648817340,0.026111126,0.0,0.0,0.08790445,207.0,0.0,0.0,328.5
1648817400,0.025668144,0.0,0.0,0.0875864,203.0,0.0,0.0,322.5
1648817460,0.030179977,0.0,0.0,0.12521887,235.5,0.0,0.0,381.5
1648817520,0.02088499,0.0,0.0,0.049438477,165.0,0.0,0.0,261.5
1648817580,0.026297092,0.0,0.0,0.105070114,204.5,0.0,0.0,330.5
1648817640,0.026040554,0.0,0.0,0.0878396,206.5,0.0,0.0,328.0
1648817700,0.024189949,0.0,0.0,0.06918955,190.5,0.0,0.0,303.5
1648817760,0.027919292,0.0,0.0,0.10637665,219.0,0.0,0.0,351.0
1648817820,0.027371883,0.0,0.0,0.108148575,211.5,0.0,0.0,339.5
1648817880,0.02826786,0.0,0.0,0.09591389,212.0,0.0,0.0,339.5
1648817940,0.0213418,0.0,0.0,0.049738407,167.0,0.0,0.0,268.5
1648785600,0.024321556,0.0,0.0,0.06921482,191.5,0.0,0.0,306.0
1648785660,0.024321556,0.0,0.0,0.06921482,191.5,0.0,0.0,306.0
1648785720,0.027394772,0.0,0.0,0.1059289,216.0,0.0,0.0,345.0
1648785780,0.02660656,0.0,0.0,0.10540581,209.5,0.0,0.0,334.0
1648785840,0.021961212,0.0,0.0,0.05021715,174.5,0.0,0.0,276.0
1648785900,0.03153801,0.0,0.0,0.12599087,234.5,0.0,0.0,384.5
1648785960,0.02472639,0.0,0.0,0.052440643,188.5,0.0,0.0,297.5
1648786020,0.028291702,0.0,0.0,0.10636616,221.0,0.0,0.0,358.5
1648786080,0.022125244,0.0,0.0,0.06736803,172.5,0.0,0.0,279.0
1648786140,0.030217648,0.0,0.0,0.10777712,233.5,0.0,0.0,368.0
1648786200,0.31629753,0.0,0.0,0.108193874,293.5,0.0,0.0,418.0
1648786260,0.3124814,0.0,0.0,0.10550642,264.0,0.0,0.0,382.5
1648786320,0.029428482,0.0,0.0,0.10734701,230.5,0.0,0.0,372.0
1648786380,0.023603916,0.0,0.0,0.068834305,187.0,0.0,0.0,296.5
1648786440,0.02641058,0.0,0.0,0.08799696,208.0,0.0,0.0,333.0
1648786500,0.025254726,0.0,0.0,0.08697605,198.0,0.0,0.0,318.0
1648786560,0.024393559,0.0,0.0,0.06931019,193.0,0.0,0.0,307.5
1648786620,0.029370785,0.0,0.0,0.12467098,229.0,0.0,0.0,371.0
1648786680,0.023184776,0.0,0.0,0.051017284,183.5,0.0,0.0,293.5
1648786740,0.02396059,0.0,0.0,0.086227894,187.5,0.0,0.0,300.5
1648786800,0.027106285,0.0,0.0,0.08834839,212.0,0.0,0.0,342.5
1648786860,0.029050827,0.0,0.0,0.10719395,227.0,0.0,0.0,366.5
1648786920,0.022066116,0.0,0.0,0.0674324,173.0,0.0,0.0,277.0
1648786980,0.028121471,0.0,0.0,0.10640621,219.5,0.0,0.0,354.0
1648787040,0.025911808,0.0,0.0,0.08772373,203.0,0.0,0.0,326.5
1648787100,0.02463007,0.0,0.0,0.06932402,195.0,0.0,0.0,311.5
1648787160,0.025918484,0.0,0.0,0.08760786,203.0,0.0,0.0,327.0
1648787220,0.029016018,0.0,0.0,0.12446594,227.5,0.0,0.0,366.0
1648787280,0.021956444,0.0,0.0,0.0502553,174.5,0.0,0.0,275.5
1648787340,0.027058125,0.0,0.0,0.10596895,213.5,0.0,0.0,340.0
1648787400,0.02624464,0.0,0.0,0.08771992,206.5,0.0,0.0,331.0
1648787460,0.024639606,0.0,0.0,0.0868392,195.0,0.0,0.0,309.0
1648787520,0.027628899,0.0,0.0,0.088970184,219.0,0.0,0.0,348.5
1648787580,0.026042461,0.0,0.0,0.08776903,205.5,0.0,0.0,328.0
1648787640,0.025717735,0.0,0.0,0.08756876,201.0,0.0,0.0,323.5
1648787700,0.022381783,0.0,0.0,0.067687035,175.5,0.0,0.0,280.5
1648787760,0.028999329,0.0,0.0,0.10699892,227.0,0.0,0.0,366.5
1648787820,0.026227474,0.0,0.0,0.08792162,207.5,0.0,0.0,330.5
1648787880,0.023982525,0.0,0.0,0.06912041,190.0,0.0,0.0,301.0
1648787940,0.032028675,0.0,0.0,0.12584162,243.0,0.0,0.0,378.0
1648788000,0.31497192,0.0,0.0,0.08896017,268.0,0.0,0.0,383.0
1648788060,0.31494236,0.0,0.0,0.123823166,270.5,0.0,0.0,409.5
1648788120,0.022805214,0.0,0.0,0.050994396,184.0,0.0,0.0,287.0
1648788180,0.0265069,0.0,0.0,0.105199814,206.5,0.0,0.0,333.5
1648788240,0.025818348,0.0,0.0,0.08764315,203.5,0.0,0.0,324.5
1648788300,0.026630878,0.0,0.0,0.10551739,210.0,0.0,0.0,334.5
1648788360,0.026764393,0.0,0.0,0.08828211,210.5,0.0,0.0,337.5
1648788420,0.025289059,0.0,0.0,0.08727503,200.0,0.0,0.0,318.5
1648788480,0.025869846,0.0,0.0,0.08762503,204.0,0.0,0.0,326.0
1648788540,0.024127007,0.0,0.0,0.06912947,190.5,0.0,0.0,303.5
1648788600,0.02865696,0.0,0.0,0.106657505,223.0,0.0,0.0,362.0
1648788660,0.022617817,0.0,0.0,0.068198204,180.0,0.0,0.0,283.5
1648788720,0.023691177,0.0,0.0,0.06887102,187.0,0.0,0.0,297.5
1648788780,0.028303146,0.0,0.0,0.106790066,224.5,0.0,0.0,356.0
1648788840,0.024908066,0.0,0.0,0.087016106,196.5,0.0,0.0,312.5
1648788900,0.026285648,0.0,0.0,0.08784723,206.0,0.0,0.0,333.0
1648788960,0.028315544,0.0,0.0,0.10635424,220.0,0.0,0.0,360.0
1648789020,0.02289772,0.0,0.0,0.06833315,181.0,0.0,0.0,287.0
1648789080,0.026556492,0.0,0.0,0.0881753,210.5,0.0,0.0,335.5
1648789140,0.024249077,0.0,0.0,0.069238186,192.0,0.0,0.0,305.5
1648821600,0.60144615,0.0,0.0,0.12356186,317.0,0.0,0.0,475.5
1648821660,0.60144615,0.0,0.0,0.12356186,317.0,0.0,0.0,475.5
1648821720,0.02553463,0.0,0.0,0.087584496,200.5,0.0,0.0,325.5
1648821780,0.027840137,0.0,0.0,0.10600281,215.5,0.0,0.0,357.0
1648821840,0.023365974,0.0,0.0,0.050840378,179.5,0.0,0.0,302.0
1648821900,0.028596401,0.0,0.0,0.08910084,220.0,0.0,0.0,351.5
1648821960,0.02752018,0.0,0.0,0.088089466,208.5,0.0,0.0,343.0
1648822020,0.026583672,0.0,0.0,0.08797836,208.0,0.0,0.0,339.5
1648822080,0.027196884,0.0,0.0,0.08800697,208.5,0.0,0.0,351.0
1648822140,0.02853918,0.0,0.0,0.106082916,216.5,0.0,0.0,371.0
1648822200,0.024136543,0.0,0.0,0.0687747,186.5,0.0,0.0,309.5
1648822260,0.027795315,0.0,0.0,0.0885396,214.0,0.0,0.0,357.5
1648822320,0.025736332,0.0,0.0,0.08691263,196.0,0.0,0.0,331.0
1648822380,0.027832985,0.0,0.0,0.10565901,211.5,0.0,0.0,359.5
1648822440,0.024725914,0.0,0.0,0.06936693,192.5,0.0,0.0,314.5
1648822500,0.02900076,0.0,0.0,0.10649395,222.0,0.0,0.0,376.5
1648822560,0.02291298,0.0,0.0,0.06830454,181.5,0.0,0.0,289.5
1648822620,0.03106594,0.0,0.0,0.108178616,240.5,0.0,0.0,401.5
1648822680,0.026530266,0.0,0.0,0.10496664,203.5,0.0,0.0,338.5
1648822740,0.026648521,0.0,0.0,0.08790398,206.5,0.0,0.0,341.5
1648822800,0.027091503,0.0,0.0,0.08807707,209.0,0.0,0.0,349.0
1648822860,0.021277905,0.0,0.0,0.049511433,165.0,0.0,0.0,274.0
1648822920,0.028558731,0.0,0.0,0.106467724,220.5,0.0,0.0,366.5
1648822980,0.028160572,0.0,0.0,0.088885784,218.0,0.0,0.0,362.0
1648823040,0.024117947,0.0,0.0,0.08618498,187.5,0.0,0.0,305.5
1648823100,0.026473999,0.0,0.0,0.08750439,202.5,0.0,0.0,343.5
1648823160,0.028532505,0.0,0.0,0.10625172,218.0,0.0,0.0,368.0
1648823220,0.024196148,0.0,0.0,0.06877804,186.0,0.0,0.0,313.0
1648823280,0.022902966,0.0,0.0,0.06798315,179.0,0.0,0.0,290.5
1648823340,0.0290761,0.0,0.0,0.0894804,223.0,0.0,0.0,378.5
1648823400,0.027310371,0.0,0.0,0.105694294,212.0,0.0,0.0,347.5
1648823460,0.02515316,0.0,0.0,0.08646345,192.5,0.0,0.0,325.0
1648823520,0.025346756,0.0,0.0,0.06978035,195.0,0.0,0.0,325.5
1648823580,0.35302973,0.0,0.0,0.109490395,309.0,0.0,0.0,458.5
1648823640,0.3506856,0.0,0.0,0.12566137,299.5,0.0,0.0,457.0
1648823700,0.029658318,0.0,0.0,0.106800556,224.0,0.0,0.0,382.0
1648823760,0.02434063,0.0,0.0,0.06868887,186.0,0.0,0.0,316.0
1648823820,0.029929161,0.0,0.0,0.08962488,226.5,0.0,0.0,354.0
1648823880,0.022950172,0.0,0.0,0.067893505,177.0,0.0,0.0,296.5
1648823940,0.026876926,0.0,0.0,0.08818197,210.5,0.0,0.0,343.5
1648824000,0.032021523,0.0,0.0,0.12602758,244.5,0.0,0.0,417.5
1648824060,0.02240324,0.0,0.0,0.050716877,177.5,0.0,0.0,281.5
1648824120,0.02869749,0.0,0.0,0.1233716,216.5,0.0,0.0,372.0
1648824180,0.027822018,0.0,0.0,0.08862448,215.5,0.0,0.0,359.5
1648824240,0.024279118,0.0,0.0,0.06886864,187.5,0.0,0.0,311.5
1648824300,0.02646017,0.0,0.0,0.08765459,204.0,0.0,0.0,339.0
1648824360,0.02909422,0.0,0.0,0.10643196,221.0,0.0,0.0,378.5
1648824420,0.02311802,0.0,0.0,0.06819439,182.0,0.0,0.0,291.5
1648824480,0.03157997,0.0,0.0,0.108036995,237.0,0.0,0.0,416.5
1648824540,0.023352623,0.0,0.0,0.06814575,181.5,0.0,0.0,298.5
1648824600,0.030159473,0.0,0.0,0.107441425,229.5,0.0,0.0,388.5
1648824660,0.022725105,0.0,0.0,0.050405025,177.0,0.0,0.0,292.5
1648824720,0.028502464,0.0,0.0,0.10658455,220.5,0.0,0.0,366.0
1648824780,0.025832176,0.0,0.0,0.08710384,198.0,0.0,0.0,332.0
1648824840,0.029439926,0.0,0.0,0.10681677,225.0,0.0,0.0,381.0
1648824900,0.024567127,0.0,0.0,0.086387634,191.0,0.0,0.0,312.0
1648824960,0.027952194,0.0,0.0,0.08875513,214.5,0.0,0.0,361.5
1648825020,0.023355484,0.0,0.0,0.06805754,178.0,0.0,0.0,300.0
1648825080,0.026412487,0.0,0.0,0.08735752,202.5,0.0,0.0,339.0
1648825140,0.023940563,0.0,0.0,0.06858921,184.5,0.0,0.0,307.0
1648803600,0.030488968,0.0,0.0,0.12543392,239.5,0.0,0.0,384.5
1648803660,0.030488968,0.0,0.0,0.12543392,239.5,0.0,0.0,384.5
1648803720,0.02365446,0.0,0.0,0.06879902,187.0,0.0,0.0,297.5
1648803780,0.026225567,0.0,0.0,0.08777857,205.0,0.0,0.0,330.5
1648803840,0.025145054,0.0,0.0,0.086986065,196.5,0.0,0.0,316.5
1648803900,0.025011063,0.0,0.0,0.06990194,199.0,0.0,0.0,314.5
1648803960,0.029085636,0.0,0.0,0.12454271,229.5,0.0,0.0,366.0
1648804020,0.31537724,0.0,0.0,0.08750105,256.5,0.0,0.0,370.5
1648804080,0.32068205,0.0,0.0,0.12576866,297.0,0.0,0.0,438.0
1648804140,0.024362564,0.0,0.0,0.069349766,192.5,0.0,0.0,306.0
1648804200,0.027823448,0.0,0.0,0.106226444,218.5,0.0,0.0,351.5
1648804260,0.023468971,0.0,0.0,0.06864786,185.0,0.0,0.0,295.0
1648804320,0.025265217,0.0,0.0,0.0894804,196.0,0.0,0.0,314.5
1648804380,0.024463654,0.0,0.0,0.07155132,189.5,0.0,0.0,305.5
1648804440,0.028985977,0.0,0.0,0.11160517,221.0,0.0,0.0,357.5
1648804500,0.02432394,0.0,0.0,0.08634043,189.0,0.0,0.0,306.0
1648804560,0.025828838,0.0,0.0,0.070158005,201.0,0.0,0.0,326.5
1648804620,0.027767181,0.0,0.0,0.106193066,217.5,0.0,0.0,349.5
1648804680,0.02589798,0.0,0.0,0.087537766,202.5,0.0,0.0,327.0
1648804740,0.02479744,0.0,0.0,0.086800575,194.5,0.0,0.0,312.5
1648804800,0.025153637,0.0,0.0,0.06986618,199.5,0.0,0.0,318.5
1648804860,0.026072979,0.0,0.0,0.08760786,203.0,0.0,0.0,329.0
1648804920,0.026630878,0.0,0.0,0.104970455,205.5,0.0,0.0,336.0
1648804980,0.026880264,0.0,0.0,0.0883646,212.5,0.0,0.0,339.0
1648805040,0.029484749,0.0,0.0,0.10750866,230.5,0.0,0.0,372.0
1648805100,0.021774769,0.0,0.0,0.050180912,172.5,0.0,0.0,274.0
1648805160,0.027584553,0.0,0.0,0.10570717,211.0,0.0,0.0,346.5
1648805220,0.026037216,0.0,0.0,0.08760357,203.5,0.0,0.0,327.5
1648805280,0.025202751,0.0,0.0,0.08717823,199.0,0.0,0.0,317.0
1648805340,0.02523899,0.0,0.0,0.06983805,198.5,0.0,0.0,318.5
1648805400,0.026490211,0.0,0.0,0.10533476,207.0,0.0,0.0,332.0
1648805460,0.027127743,0.0,0.0,0.10546017,208.5,0.0,0.0,341.5
1648805520,0.024864674,0.0,0.0,0.06975269,197.5,0.0,0.0,313.0
1648805580,0.027102947,0.0,0.0,0.070819855,209.0,0.0,0.0,315.5
1648805640,0.029407024,0.0,0.0,0.12463808,230.5,0.0,0.0,370.0
1648805700,0.31426048,0.0,0.0,0.08919144,273.5,0.0,0.0,398.5
1648805760,0.31326342,0.0,0.0,0.08850813,266.0,0.0,0.0,385.5
1648805820,0.027235031,0.0,0.0,0.1057353,212.5,0.0,0.0,343.0
1648805880,0.02395153,0.0,0.0,0.06889057,190.0,0.0,0.0,301.5
1648805940,0.02602148,0.0,0.0,0.08800125,206.5,0.0,0.0,327.5
1648806000,0.028134823,0.0,0.0,0.12366533,219.0,0.0,0.0,353.5
1648806060,0.024872303,0.0,0.0,0.069625854,195.5,0.0,0.0,313.0
1648806120,0.028551102,0.0,0.0,0.106696606,224.0,0.0,0.0,360.5
1648806180,0.021855354,0.0,0.0,0.06737518,173.5,0.0,0.0,274.5
1648806240,0.027781487,0.0,0.0,0.08920097,222.0,0.0,0.0,350.0
1648806300,0.02710104,0.0,0.0,0.10592985,213.0,0.0,0.0,340.5
1648806360,0.022669792,0.0,0.0,0.05077219,181.0,0.0,0.0,285.5
1648806420,0.030306816,0.0,0.0,0.12542582,237.0,0.0,0.0,381.5
1648806480,0.027026653,0.0,0.0,0.088561535,214.5,0.0,0.0,340.5
1648806540,0.020480633,0.0,0.0,0.049232483,164.0,0.0,0.0,257.0
1648806600,0.027832031,0.0,0.0,0.08919668,219.5,0.0,0.0,351.0
1648806660,0.027771473,0.0,0.0,0.12342501,216.5,0.0,0.0,349.0
1648806720,0.026748657,0.0,0.0,0.088191986,209.5,0.0,0.0,337.0
1648806780,0.024738312,0.0,0.0,0.069572926,196.0,0.0,0.0,312.0
1648806840,0.027023792,0.0,0.0,0.1057024,211.5,0.0,0.0,339.5
1648806900,0.022686481,0.0,0.0,0.050694466,180.0,0.0,0.0,286.0
1648806960,0.028421402,0.0,0.0,0.123987675,221.0,0.0,0.0,357.5
1648807020,0.024304867,0.0,0.0,0.069337845,192.5,0.0,0.0,305.5
1648807080,0.025618553,0.0,0.0,0.087316036,202.0,0.0,0.0,322.5
1648807140,0.025853634,0.0,0.0,0.0876317,203.5,0.0,0.0,325.0
1648742400,0.028198242,0.0,0.0,0.088822365,216.5,0.0,0.0,353.0
1648742460,0.028198242,0.0,0.0,0.088822365,216.5,0.0,0.0,353.0
1648742520,0.026182175,0.0,0.0,0.08687258,197.5,0.0,0.0,344.5
1648742580,0.027040958,0.0,0.0,0.087977886,207.5,0.0,0.0,346.5
1648742640,0.028734207,0.0,0.0,0.10636997,218.0,0.0,0.0,374.0
1648742700,0.027491093,0.0,0.0,0.07131529,206.0,0.0,0.0,337.0
1648742760,0.029001713,0.0,0.0,0.10703039,218.0,0.0,0.0,356.5
1648742820,0.028787613,0.0,0.0,0.1066308,223.5,0.0,0.0,369.0
1648742880,0.023372173,0.0,0.0,0.068323135,181.5,0.0,0.0,299.5
1648742940,0.026997566,0.0,0.0,0.088023186,208.5,0.0,0.0,346.5
1648743000,0.028337002,0.0,0.0,0.10630131,219.0,0.0,0.0,365.0
1648743060,0.024104595,0.0,0.0,0.06877375,188.5,0.0,0.0,308.0
1648743120,0.02836895,0.0,0.0,0.10660839,221.0,0.0,0.0,361.0
1648743180,0.022892475,0.0,0.0,0.05053425,178.0,0.0,0.0,295.0
1648743240,0.025066376,0.0,0.0,0.08666611,192.5,0.0,0.0,319.5
1648743300,0.029135704,0.0,0.0,0.1067853,224.5,0.0,0.0,373.5
1648743360,0.026967525,0.0,0.0,0.0880394,206.5,0.0,0.0,346.0
1648743420,0.023608685,0.0,0.0,0.068342686,184.0,0.0,0.0,303.0
1648743480,0.032354355,0.0,0.0,0.12623167,246.5,0.0,0.0,418.0
1648743540,0.022510529,0.0,0.0,0.06768274,174.5,0.0,0.0,288.5
1648743600,0.026655674,0.0,0.0,0.08784771,208.0,0.0,0.0,341.0
1648743660,0.028241634,0.0,0.0,0.08874035,214.5,0.0,0.0,367.0
1648743720,0.02502203,0.0,0.0,0.06901789,191.0,0.0,0.0,324.5
1648743780,0.027038574,0.0,0.0,0.10560799,209.5,0.0,0.0,344.5
1648743840,0.026465416,0.0,0.0,0.06984949,199.5,0.0,0.0,328.5
1648743900,0.032111645,0.0,0.0,0.10845709,242.0,0.0,0.0,385.0
1648743960,0.6056886,0.0,0.0,0.14244127,334.0,0.0,0.0,487.5
1648744020,0.023648739,0.0,0.0,0.068090916,180.0,0.0,0.0,305.0
1648744080,0.027510643,0.0,0.0,0.10582018,213.0,0.0,0.0,349.0
1648744140,0.02373457,0.0,0.0,0.068770885,184.0,0.0,0.0,300.0
1648744200,0.026072502,0.0,0.0,0.06975651,199.0,0.0,0.0,338.5
1648744260,0.026936531,0.0,0.0,0.08786297,206.5,0.0,0.0,347.0
1648744320,0.029302597,0.0,0.0,0.12412882,223.0,0.0,0.0,378.5
1648744380,0.025777817,0.0,0.0,0.087133884,200.0,0.0,0.0,331.5
1648744440,0.026452065,0.0,0.0,0.08761215,203.5,0.0,0.0,338.5
1648744500,0.023410797,0.0,0.0,0.051127434,183.5,0.0,0.0,302.0
1648744560,0.030878544,0.0,0.0,0.12511873,235.5,0.0,0.0,396.0
1648744620,0.0246315,0.0,0.0,0.0688405,187.5,0.0,0.0,321.0
1648744680,0.02381897,0.0,0.0,0.0687089,186.0,0.0,0.0,304.5
1648744740,0.028885841,0.0,0.0,0.10857153,215.5,0.0,0.0,368.0
1648744800,0.028189182,0.0,0.0,0.095525265,207.5,0.0,0.0,343.0
1648744860,0.028030396,0.0,0.0,0.105819225,213.0,0.0,0.0,361.5
1648744920,0.020857811,0.0,0.0,0.049074173,160.0,0.0,0.0,268.5
1648744980,0.030272484,0.0,0.0,0.107337475,230.0,0.0,0.0,390.5
1648745040,0.028058052,0.0,0.0,0.10619116,218.0,0.0,0.0,357.5
1648745100,0.022181034,0.0,0.0,0.050112247,171.5,0.0,0.0,286.5
1648745160,0.027627468,0.0,0.0,0.088507175,213.5,0.0,0.0,353.5
1648745220,0.026330948,0.0,0.0,0.08772087,204.5,0.0,0.0,336.5
1648745280,0.023633957,0.0,0.0,0.08550167,180.0,0.0,0.0,304.5
1648745340,0.02779007,0.0,0.0,0.088573456,214.0,0.0,0.0,357.0
1648745400,0.027349472,0.0,0.0,0.088002205,208.0,0.0,0.0,356.0
1648745460,0.026409626,0.0,0.0,0.08772421,205.5,0.0,0.0,338.0
1648745520,0.027835846,0.0,0.0,0.10566664,212.0,0.0,0.0,360.5
1648745580,0.026774883,0.0,0.0,0.087967396,208.0,0.0,0.0,342.5
1648745640,0.029530525,0.0,0.0,0.106711864,223.5,0.0,0.0,384.5
1648745700,0.31193638,0.0,0.0,0.06950235,244.5,0.0,0.0,360.5
1648745760,0.31893396,0.0,0.0,0.12632036,299.0,0.0,0.0,449.5
1648745820,0.02676344,0.0,0.0,0.087956905,208.0,0.0,0.0,343.5
1648745880,0.026325226,0.0,0.0,0.087717056,204.5,0.0,0.0,336.5
1648745940,0.02532959,0.0,0.0,0.08694744,196.0,0.0,0.0,323.0
1648767600,0.026788235,0.0,0.0,0.08782244,206.5,0.0,0.0,343.5
1648767660,0.026788235,0.0,0.0,0.08782244,206.5,0.0,0.0,343.5
1648767720,0.029625416,0.0,0.0,0.10678244,225.0,0.0,0.0,385.5
1648767780,0.31283474,0.0,0.0,0.10480356,251.0,0.0,0.0,381.5
1648767840,0.312068,0.0,0.0,0.06975269,246.5,0.0,0.0,375.5
1648767900,0.030218124,0.0,0.0,0.12425995,226.5,0.0,0.0,395.0
1648767960,0.023204803,0.0,0.0,0.05098915,181.0,0.0,0.0,297.0
1648768020,0.030448914,0.0,0.0,0.12491608,234.5,0.0,0.0,391.5
1648768080,0.024298668,0.0,0.0,0.0864048,189.0,0.0,0.0,306.5
1648768140,0.022972107,0.0,0.0,0.05082321,180.0,0.0,0.0,294.0
1648768200,0.027348518,0.0,0.0,0.1055274,210.5,0.0,0.0,352.0
1648768260,0.028766632,0.0,0.0,0.089058876,219.5,0.0,0.0,373.5
1648768320,0.026430607,0.0,0.0,0.08754301,203.0,0.0,0.0,340.0
1648768380,0.026323318,0.0,0.0,0.08770561,204.5,0.0,0.0,336.5
1648768440,0.027332306,0.0,0.0,0.10582209,213.5,0.0,0.0,347.5
1648768500,0.026170254,0.0,0.0,0.0874114,201.5,0.0,0.0,336.0
1648768560,0.024924755,0.0,0.0,0.06932163,193.0,0.0,0.0,321.0
1648768620,0.025203228,0.0,0.0,0.069521904,194.5,0.0,0.0,325.0
1648768680,0.030144691,0.0,0.0,0.12466049,230.5,0.0,0.0,387.0
1648768740,0.027152538,0.0,0.0,0.08795881,207.0,0.0,0.0,351.0
1648768800,0.020457745,0.0,0.0,0.04917097,160.5,0.0,0.0,258.5
1648768860,0.02878809,0.0,0.0,0.1065464,221.0,0.0,0.0,370.0
1648768920,0.028465271,0.0,0.0,0.106387615,220.0,0.0,0.0,366.0
1648768980,0.02980423,0.0,0.0,0.08940697,222.5,0.0,0.0,355.5
1648769040,0.023399353,0.0,0.0,0.051065445,183.0,0.0,0.0,300.5
1648769100,0.027467728,0.0,0.0,0.10556555,210.0,0.0,0.0,353.0
1648769160,0.024038792,0.0,0.0,0.070837975,181.5,0.0,0.0,304.0
1648769220,0.028964996,0.0,0.0,0.096138,215.5,0.0,0.0,355.0
1648769280,0.027950764,0.0,0.0,0.1060133,215.0,0.0,0.0,357.5
1648769340,0.029875278,0.0,0.0,0.10681915,224.5,0.0,0.0,390.5
1648769400,0.022736073,0.0,0.0,0.06785774,176.0,0.0,0.0,289.5
1648769460,0.029921532,0.0,0.0,0.107031345,227.5,0.0,0.0,391.0
1648769520,0.024148464,0.0,0.0,0.06869507,185.0,0.0,0.0,309.0
1648769580,0.31628942,0.0,0.0,0.0900383,283.5,0.0,0.0,418.0
1648769640,0.31423283,0.0,0.0,0.123541355,272.5,0.0,0.0,418.0
1648769700,0.027079582,0.0,0.0,0.08772278,205.0,0.0,0.0,350.5
1648769760,0.02568674,0.0,0.0,0.087133884,198.0,0.0,0.0,330.0
1648769820,0.027002335,0.0,0.0,0.08786297,206.5,0.0,0.0,348.5
1648769880,0.028426647,0.0,0.0,0.106339455,219.0,0.0,0.0,362.0
1648769940,0.02098751,0.0,0.0,0.049263954,162.5,0.0,0.0,269.0
1648770000,0.02838564,0.0,0.0,0.089122295,220.0,0.0,0.0,363.0
1648770060,0.026198864,0.0,0.0,0.10452938,199.0,0.0,0.0,337.0
1648770120,0.028734207,0.0,0.0,0.106660366,222.5,0.0,0.0,367.0
1648770180,0.027350426,0.0,0.0,0.08821106,210.0,0.0,0.0,354.0
1648770240,0.022521973,0.0,0.0,0.05065155,177.5,0.0,0.0,288.5
1648770300,0.026786804,0.0,0.0,0.08776474,205.0,0.0,0.0,346.5
1648770360,0.027364254,0.0,0.0,0.10543728,209.5,0.0,0.0,351.5
1648770420,0.026865482,0.0,0.0,0.088000774,208.0,0.0,0.0,345.5
1648770480,0.028822422,0.0,0.0,0.10612011,216.5,0.0,0.0,376.5
1648770540,0.024769306,0.0,0.0,0.069257736,192.0,0.0,0.0,317.5
1648770600,0.025894165,0.0,0.0,0.06960106,195.0,0.0,0.0,320.5
1648770660,0.031499863,0.0,0.0,0.12556314,239.5,0.0,0.0,389.5
1648770720,0.025405407,0.0,0.0,0.069532394,196.5,0.0,0.0,331.0
1648770780,0.024576187,0.0,0.0,0.06948614,194.5,0.0,0.0,310.0
1648770840,0.028599262,0.0,0.0,0.10582447,213.5,0.0,0.0,377.5
1648770900,0.025851727,0.0,0.0,0.08742571,201.0,0.0,0.0,327.5
1648770960,0.028033733,0.0,0.0,0.10576534,212.5,0.0,0.0,364.0
1648771020,0.028130054,0.0,0.0,0.08910513,221.5,0.0,0.0,360.0
1648771080,0.022144318,0.0,0.0,0.06718683,168.0,0.0,0.0,285.5
1648771140,0.029789448,0.0,0.0,0.107144356,229.0,0.0,0.0,382.0
1648756800,0.02521038,0.0,0.0,0.0696826,197.0,0.0,0.0,324.0
1648756860,0.02521038,0.0,0.0,0.0696826,197.0,0.0,0.0,324.0
1648756920,0.028159618,0.0,0.0,0.105933666,217.5,0.0,0.0,361.0
1648756980,0.02767992,0.0,0.0,0.08863354,213.0,0.0,0.0,355.5
1648757040,0.025424004,0.0,0.0,0.08693218,196.0,0.0,0.0,325.5
1648757100,0.02683258,0.0,0.0,0.087564945,205.5,0.0,0.0,350.5
1648757160,0.02878666,0.0,0.0,0.10667324,221.0,0.0,0.0,369.5
1648757220,0.02332735,0.0,0.0,0.050824642,179.0,0.0,0.0,303.0
1648757280,0.026163578,0.0,0.0,0.087491035,204.5,0.0,0.0,333.5
1648757340,0.028090477,0.0,0.0,0.10630131,217.5,0.0,0.0,361.0
1648757400,0.02289486,0.0,0.0,0.06773853,176.5,0.0,0.0,293.5
1648757460,0.026556492,0.0,0.0,0.0875659,203.5,0.0,0.0,343.0
1648757520,0.031702995,0.0,0.0,0.12565088,239.5,0.0,0.0,411.0
1648757580,0.026533127,0.0,0.0,0.08767223,204.5,0.0,0.0,342.0
1648757640,0.026377678,0.0,0.0,0.08760834,203.5,0.0,0.0,337.5
1648757700,0.026010513,0.0,0.0,0.0875206,203.0,0.0,0.0,332.5
1648757760,0.022637367,0.0,0.0,0.05034113,176.0,0.0,0.0,291.5
1648757820,0.027672768,0.0,0.0,0.088448524,213.0,0.0,0.0,356.0
1648757880,0.026662827,0.0,0.0,0.08785725,206.0,0.0,0.0,342.0
1648757940,0.026443481,0.0,0.0,0.08746147,202.0,0.0,0.0,343.5
1648758000,0.026178837,0.0,0.0,0.08760786,203.0,0.0,0.0,333.5
1648758060,0.02917099,0.0,0.0,0.124426365,226.5,0.0,0.0,370.5
1648758120,0.024616241,0.0,0.0,0.06907892,189.5,0.0,0.0,317.0
1648758180,0.028791428,0.0,0.0,0.106628895,223.0,0.0,0.0,370.5
1648758240,0.024305344,0.0,0.0,0.068614006,186.5,0.0,0.0,313.5
1648758300,0.025997162,0.0,0.0,0.08720398,198.5,0.0,0.0,334.0
1648758360,0.028377056,0.0,0.0,0.10671282,222.0,0.0,0.0,361.5
1648758420,0.3188548,0.0,0.0,0.1085453,295.0,0.0,0.0,432.0
1648758480,0.3126874,0.0,0.0,0.06917715,244.5,0.0,0.0,359.5
1648758540,0.030201435,0.0,0.0,0.107807636,234.5,0.0,0.0,388.0
1648758600,0.024329662,0.0,0.0,0.068498135,185.5,0.0,0.0,316.5
1648758660,0.029273987,0.0,0.0,0.106707096,223.5,0.0,0.0,379.0
1648758720,0.027740955,0.0,0.0,0.088871956,217.0,0.0,0.0,356.5
1648758780,0.025211811,0.0,0.0,0.08666992,194.5,0.0,0.0,323.5
1648758840,0.028450966,0.0,0.0,0.10633564,217.0,0.0,0.0,366.5
1648758900,0.021864414,0.0,0.0,0.04989338,171.0,0.0,0.0,279.5
1648758960,0.030338287,0.0,0.0,0.12482548,232.5,0.0,0.0,391.0
1648759020,0.023848534,0.0,0.0,0.068816185,185.0,0.0,0.0,303.5
1648759080,0.025857449,0.0,0.0,0.06922102,194.0,0.0,0.0,343.5
1648759140,0.02857256,0.0,0.0,0.10687399,223.5,0.0,0.0,360.5
1648759200,0.027106285,0.0,0.0,0.08785486,208.0,0.0,0.0,351.5
1648759260,0.027336597,0.0,0.0,0.105764866,211.5,0.0,0.0,347.0
1648759320,0.027468681,0.0,0.0,0.087981224,207.0,0.0,0.0,357.0
1648759380,0.02453518,0.0,0.0,0.06899071,191.0,0.0,0.0,315.0
1648759440,0.027514935,0.0,0.0,0.0881505,210.0,0.0,0.0,358.0
1648759500,0.02491188,0.0,0.0,0.08678675,192.5,0.0,0.0,316.5
1648759560,0.028995514,0.0,0.0,0.106282234,219.5,0.0,0.0,378.5
1648759620,0.026078701,0.0,0.0,0.087380886,201.5,0.0,0.0,334.5
1648759680,0.027768135,0.0,0.0,0.08864069,212.5,0.0,0.0,360.0
1648759740,0.024346828,0.0,0.0,0.08599663,187.0,0.0,0.0,312.0
1648759800,0.025535107,0.0,0.0,0.06961918,196.0,0.0,0.0,331.0
1648759860,0.028867722,0.0,0.0,0.10664415,222.5,0.0,0.0,368.0
1648759920,0.021896362,0.0,0.0,0.04984951,169.0,0.0,0.0,283.0
1648759980,0.031416416,0.0,0.0,0.12532568,237.5,0.0,0.0,405.0
1648760040,0.023535728,0.0,0.0,0.06854868,183.5,0.0,0.0,299.0
1648760100,0.0295372,0.0,0.0,0.10670185,223.0,0.0,0.0,370.0
1648760160,0.028546333,0.0,0.0,0.08895731,218.0,0.0,0.0,354.5
1648760220,0.60706425,0.0,0.0,0.10854292,359.0,0.0,0.0,487.5
1648760280,0.028195381,0.0,0.0,0.0889101,218.5,0.0,0.0,364.0
1648760340,0.023008347,0.0,0.0,0.06798792,177.0,0.0,0.0,294.0
1648782000,0.02514267,0.0,0.0,0.087166786,199.0,0.0,0.0,316.5
1648782060,0.02514267,0.0,0.0,0.087166786,199.0,0.0,0.0,316.5
1648782120,0.022459984,0.0,0.0,0.05070877,177.5,0.0,0.0,282.0
1648782180,0.028972626,0.0,0.0,0.10696268,227.0,0.0,0.0,368.0
1648782240,0.03601885,0.0,0.0,0.09842491,211.0,0.0,0.0,514.0
1648782300,0.048178196,0.0,0.0,0.10355854,256.0,0.0,0.0,671.5
1648782360,0.057070732,0.0,0.0,0.10002184,317.0,0.0,0.0,712.5
1648782420,0.35024023,0.0,0.0,0.13853502,403.5,0.0,0.0,872.5
1648782480,0.33645773,0.0,0.0,0.07941103,340.0,0.0,0.0,686.0
1648782540,0.049951077,0.0,0.0,0.11164236,288.0,0.0,0.0,588.5
1648782600,0.028300762,0.0,0.0,0.106012344,212.5,0.0,0.0,357.0
1648782660,0.02774477,0.0,0.0,0.08833265,211.0,0.0,0.0,357.5
1648782720,0.032615185,0.0,0.0,0.08921671,219.5,0.0,0.0,362.0
1648782780,0.026071072,0.0,0.0,0.0683651,180.5,0.0,0.0,315.5
1648782840,0.03181362,0.0,0.0,0.08940697,223.0,0.0,0.0,397.0
1648782900,0.03126383,0.0,0.0,0.107121944,227.5,0.0,0.0,390.0
1648782960,0.028275013,0.0,0.0,0.07036686,203.0,0.0,0.0,355.0
1648783020,0.032503605,0.0,0.0,0.10724735,227.0,0.0,0.0,411.0
1648783080,0.029780865,0.0,0.0,0.10669184,222.5,0.0,0.0,384.5
1648783140,0.021948338,0.0,0.0,0.049851894,167.5,0.0,0.0,277.0
1648783200,0.029799938,0.0,0.0,0.10754967,233.5,0.0,0.0,376.5
1648783260,0.025454044,0.0,0.0,0.08733606,200.5,0.0,0.0,320.5
1648783320,0.025559425,0.0,0.0,0.08741474,201.5,0.0,0.0,322.0
1648783380,0.02701807,0.0,0.0,0.08836317,212.0,0.0,0.0,341.5
1648783440,0.025832653,0.0,0.0,0.08753443,203.0,0.0,0.0,326.5
1648783500,0.027628422,0.0,0.0,0.08852339,213.5,0.0,0.0,348.0
1648783560,0.023479939,0.0,0.0,0.068787575,187.0,0.0,0.0,295.0
1648783620,0.026957989,0.0,0.0,0.088237286,210.0,0.0,0.0,340.0
1648783680,0.029104233,0.0,0.0,0.12438011,228.0,0.0,0.0,368.0
1648783740,0.023121834,0.0,0.0,0.05114174,182.0,0.0,0.0,291.5
1648783800,0.026616573,0.0,0.0,0.10527611,208.0,0.0,0.0,336.0
1648783860,0.024538517,0.0,0.0,0.06938553,192.5,0.0,0.0,308.5
1648783920,0.025026321,0.0,0.0,0.086821556,194.0,0.0,0.0,315.0
1648783980,0.027913094,0.0,0.0,0.10630274,219.0,0.0,0.0,352.0
1648784040,0.026890278,0.0,0.0,0.10574627,212.5,0.0,0.0,337.5
1648784100,0.023092747,0.0,0.0,0.06825638,180.0,0.0,0.0,290.0
1648784160,0.02888298,0.0,0.0,0.106865406,225.0,0.0,0.0,364.5
1648784220,0.31909752,0.0,0.0,0.10772419,290.5,0.0,0.0,418.0
1648784280,0.31922293,0.0,0.0,0.10764885,290.0,0.0,0.0,421.5
1648784340,0.025515556,0.0,0.0,0.086975574,196.0,0.0,0.0,308.0
1648784400,0.026145458,0.0,0.0,0.07027912,203.0,0.0,0.0,316.5
1648784460,0.025732994,0.0,0.0,0.0874567,202.5,0.0,0.0,324.0
1648784520,0.024636269,0.0,0.0,0.069416046,194.0,0.0,0.0,311.5
1648784580,0.028307438,0.0,0.0,0.10647154,221.0,0.0,0.0,357.0
1648784640,0.02711916,0.0,0.0,0.107779026,207.5,0.0,0.0,336.5
1648784700,0.025948048,0.0,0.0,0.076961994,194.0,0.0,0.0,310.0
1648784760,0.027313232,0.0,0.0,0.088315964,211.5,0.0,0.0,347.5
1648784820,0.025203705,0.0,0.0,0.087062836,198.0,0.0,0.0,317.5
1648784880,0.024225235,0.0,0.0,0.069301605,192.5,0.0,0.0,304.0
1648784940,0.027692795,0.0,0.0,0.10601807,216.5,0.0,0.0,349.0
1648785000,0.028276443,0.0,0.0,0.10643768,221.5,0.0,0.0,357.0
1648785060,0.02255869,0.0,0.0,0.052924633,175.0,0.0,0.0,279.0
1648785120,0.029372692,0.0,0.0,0.11146736,221.5,0.0,0.0,362.5
1648785180,0.02801323,0.0,0.0,0.108334064,214.5,0.0,0.0,348.5
1648785240,0.026054382,0.0,0.0,0.087641716,204.0,0.0,0.0,328.5
1648785300,0.024737358,0.0,0.0,0.06926823,191.5,0.0,0.0,311.5
1648785360,0.023046017,0.0,0.0,0.06819868,180.5,0.0,0.0,290.0
1648785420,0.029083252,0.0,0.0,0.12434864,228.0,0.0,0.0,366.5
1648785480,0.024193287,0.0,0.0,0.06903505,189.0,0.0,0.0,304.5
1648785540,0.024857044,0.0,0.0,0.069536686,195.5,0.0,0.0,313.5
1648764000,0.31662798,0.0,0.0,0.10850477,298.0,0.0,0.0,438.0
1648764060,0.31662798,0.0,0.0,0.10850477,298.0,0.0,0.0,438.0
1648764120,0.0248909,0.0,0.0,0.06938887,193.0,0.0,0.0,319.0
1648764180,0.025331974,0.0,0.0,0.103933334,192.0,0.0,0.0,326.0
1648764240,0.027938366,0.0,0.0,0.08889341,218.0,0.0,0.0,357.5
1648764300,0.026561737,0.0,0.0,0.08760643,204.0,0.0,0.0,342.5
1648764360,0.024137497,0.0,0.0,0.08612347,187.0,0.0,0.0,307.5
1648764420,0.028657436,0.0,0.0,0.08940458,223.5,0.0,0.0,367.5
1648764480,0.02879095,0.0,0.0,0.10651398,222.0,0.0,0.0,371.5
1648764540,0.022493362,0.0,0.0,0.06757164,174.5,0.0,0.0,287.5
1648764600,0.024753094,0.0,0.0,0.06919575,191.0,0.0,0.0,317.0
1648764660,0.027338505,0.0,0.0,0.08841419,210.5,0.0,0.0,351.0
1648764720,0.031609535,0.0,0.0,0.12566185,242.5,0.0,0.0,409.5
1648764780,0.022574902,0.0,0.0,0.06777716,176.5,0.0,0.0,285.0
1648764840,0.02500248,0.0,0.0,0.08684492,193.5,0.0,0.0,321.0
1648764900,0.02823925,0.0,0.0,0.088813305,219.0,0.0,0.0,365.0
1648764960,0.02502489,0.0,0.0,0.06947136,194.0,0.0,0.0,320.5
1648765020,0.029764652,0.0,0.0,0.1244545,227.0,0.0,0.0,385.5
1648765080,0.025039196,0.0,0.0,0.08683729,194.0,0.0,0.0,318.0
1648765140,0.024811268,0.0,0.0,0.06902456,191.5,0.0,0.0,320.5
1648765200,0.02823019,0.0,0.0,0.10621309,215.5,0.0,0.0,359.5
1648765260,0.02513647,0.0,0.0,0.069171906,191.0,0.0,0.0,329.0
1648765320,0.027312279,0.0,0.0,0.105988026,216.0,0.0,0.0,345.0
1648765380,0.024716377,0.0,0.0,0.068751335,188.5,0.0,0.0,323.0
1648765440,0.024504185,0.0,0.0,0.06922722,191.5,0.0,0.0,311.5
1648765500,0.032344818,0.0,0.0,0.10868549,243.0,0.0,0.0,390.0
1648765560,0.02559805,0.0,0.0,0.086826324,197.0,0.0,0.0,331.0
1648765620,0.030746937,0.0,0.0,0.107931614,234.5,0.0,0.0,395.5
1648765680,0.020874023,0.0,0.0,0.049054623,161.5,0.0,0.0,268.0
1648765740,0.029911518,0.0,0.0,0.107573986,231.5,0.0,0.0,385.0
1648765800,0.02560091,0.0,0.0,0.08717346,201.0,0.0,0.0,325.5
1648765860,0.604496,0.0,0.0,0.12700891,359.5,0.0,0.0,506.0
1648765920,0.024424076,0.0,0.0,0.08624554,191.0,0.0,0.0,310.0
1648765980,0.02857542,0.0,0.0,0.088900566,216.5,0.0,0.0,374.0
1648766040,0.027468204,0.0,0.0,0.1053977,209.5,0.0,0.0,356.5
1648766100,0.024054527,0.0,0.0,0.06850195,186.0,0.0,0.0,311.5
1648766160,0.027430534,0.0,0.0,0.088272095,211.0,0.0,0.0,352.0
1648766220,0.026667118,0.0,0.0,0.087862015,204.5,0.0,0.0,340.5
1648766280,0.025708199,0.0,0.0,0.069627285,199.0,0.0,0.0,332.5
1648766340,0.026189804,0.0,0.0,0.10459232,200.0,0.0,0.0,333.0
1648766400,0.026823997,0.0,0.0,0.06999397,201.0,0.0,0.0,355.0
1648766460,0.02624178,0.0,0.0,0.10499334,205.5,0.0,0.0,335.0
1648766520,0.026182175,0.0,0.0,0.07003975,201.0,0.0,0.0,338.0
1648766580,0.026818752,0.0,0.0,0.0878005,207.0,0.0,0.0,345.0
1648766640,0.029969692,0.0,0.0,0.124491215,230.0,0.0,0.0,385.5
1648766700,0.024451256,0.0,0.0,0.06895161,189.0,0.0,0.0,314.0
1648766760,0.026377678,0.0,0.0,0.08742046,202.5,0.0,0.0,340.0
1648766820,0.029453278,0.0,0.0,0.10654926,222.5,0.0,0.0,383.5
1648766880,0.024712086,0.0,0.0,0.06929827,193.5,0.0,0.0,315.5
1648766940,0.028093338,0.0,0.0,0.10547733,209.5,0.0,0.0,366.0
1648767000,0.026375294,0.0,0.0,0.087489605,202.0,0.0,0.0,337.5
1648767060,0.022699356,0.0,0.0,0.050349236,174.5,0.0,0.0,294.0
1648767120,0.02568674,0.0,0.0,0.0868659,196.0,0.0,0.0,331.0
1648767180,0.027709484,0.0,0.0,0.08828211,211.0,0.0,0.0,358.5
1648767240,0.03238058,0.0,0.0,0.10849428,243.0,0.0,0.0,390.5
1648767300,0.027872086,0.0,0.0,0.1061697,219.0,0.0,0.0,354.0
1648767360,0.026809216,0.0,0.0,0.087536335,203.0,0.0,0.0,350.0
1648767420,0.02552557,0.0,0.0,0.087393284,201.5,0.0,0.0,321.5
1648767480,0.027828217,0.0,0.0,0.08797264,208.5,0.0,0.0,366.5
1648767540,0.025476933,0.0,0.0,0.087029934,198.0,0.0,0.0,323.5
1648771200,0.022997856,0.0,0.0,0.051006317,181.5,0.0,0.0,291.5
1648771260,0.022997856,0.0,0.0,0.051006317,181.5,0.0,0.0,291.5
1648771320,0.3159523,0.0,0.0,0.10709858,281.5,0.0,0.0,441.5
1648771380,0.3174038,0.0,0.0,0.14302444,296.0,0.0,0.0,452.5
1648771440,0.021594048,0.0,0.0,0.049738884,167.0,0.0,0.0,277.0
1648771500,0.027417183,0.0,0.0,0.08823967,210.5,0.0,0.0,353.5
1648771560,0.024802685,0.0,0.0,0.08613491,189.5,0.0,0.0,322.0
1648771620,0.031334877,0.0,0.0,0.12563372,240.0,0.0,0.0,402.5
1648771680,0.026115417,0.0,0.0,0.070040226,201.0,0.0,0.0,338.5
1648771740,0.023048878,0.0,0.0,0.06778383,177.0,0.0,0.0,296.5
1648771800,0.03051281,0.0,0.0,0.10753155,231.5,0.0,0.0,397.5
1648771860,0.024446964,0.0,0.0,0.06915569,190.5,0.0,0.0,311.5
1648771920,0.026938915,0.0,0.0,0.087780476,206.0,0.0,0.0,350.0
1648771980,0.027277946,0.0,0.0,0.105489254,209.5,0.0,0.0,347.0
1648772040,0.02712059,0.0,0.0,0.08790398,206.5,0.0,0.0,351.0
1648772100,0.023312092,0.0,0.0,0.06790972,179.0,0.0,0.0,302.5
1648772160,0.031058311,0.0,0.0,0.10781479,234.5,0.0,0.0,406.5
1648772220,0.023413181,0.0,0.0,0.06828165,182.5,0.0,0.0,298.0
1648772280,0.030207634,0.0,0.0,0.08962822,224.5,0.0,0.0,365.0
1648772340,0.02831316,0.0,0.0,0.08925724,220.5,0.0,0.0,363.0
1648772400,0.023733139,0.0,0.0,0.085758686,184.5,0.0,0.0,302.5
1648772460,0.031755924,0.0,0.0,0.12598419,244.5,0.0,0.0,411.0
1648772520,0.024795055,0.0,0.0,0.06942749,193.5,0.0,0.0,315.0
1648772580,0.027582169,0.0,0.0,0.1056571,212.0,0.0,0.0,353.5
1648772640,0.024336338,0.0,0.0,0.0685544,185.0,0.0,0.0,315.0
1648772700,0.023394108,0.0,0.0,0.06838894,181.5,0.0,0.0,296.5
1648772760,0.027665138,0.0,0.0,0.08856487,214.0,0.0,0.0,354.5
1648772820,0.02931881,0.0,0.0,0.124516964,228.0,0.0,0.0,375.0
1648772880,0.024218082,0.0,0.0,0.06910133,189.5,0.0,0.0,306.5
1648772940,0.024320602,0.0,0.0,0.06844616,184.5,0.0,0.0,315.0
1648773000,0.628355,0.0,0.0,0.16661501,416.5,0.0,0.0,593.0
1648773060,0.025097847,0.0,0.0,0.06913042,191.0,0.0,0.0,325.0
1648773120,0.02494955,0.0,0.0,0.06910944,191.5,0.0,0.0,322.0
1648773180,0.028186798,0.0,0.0,0.10578871,212.5,0.0,0.0,364.5
1648773240,0.023451328,0.0,0.0,0.06824207,180.5,0.0,0.0,300.5
1648773300,0.02927351,0.0,0.0,0.10670185,224.0,0.0,0.0,377.0
1648773360,0.025774002,0.0,0.0,0.070022106,200.0,0.0,0.0,330.0
1648773420,0.025458336,0.0,0.0,0.08710575,197.0,0.0,0.0,323.5
1648773480,0.028186798,0.0,0.0,0.10620499,216.5,0.0,0.0,362.0
1648773540,0.026256561,0.0,0.0,0.0873847,202.5,0.0,0.0,337.5
1648773600,0.027610779,0.0,0.0,0.1060915,215.0,0.0,0.0,352.0
1648773660,0.025839806,0.0,0.0,0.06922436,193.5,0.0,0.0,340.5
1648773720,0.026347637,0.0,0.0,0.08762932,201.5,0.0,0.0,337.5
1648773780,0.026936531,0.0,0.0,0.08788538,207.5,0.0,0.0,345.0
1648773840,0.024517536,0.0,0.0,0.08659935,191.0,0.0,0.0,313.0
1648773900,0.031350613,0.0,0.0,0.10816908,239.5,0.0,0.0,390.5
1648773960,0.02599287,0.0,0.0,0.07008648,203.0,0.0,0.0,318.0
1648774020,0.026298046,0.0,0.0,0.087349415,200.0,0.0,0.0,341.5
1648774080,0.027996063,0.0,0.0,0.10624695,216.5,0.0,0.0,358.0
1648774140,0.024884224,0.0,0.0,0.06922722,193.0,0.0,0.0,319.0
1648774200,0.026450157,0.0,0.0,0.08771086,202.5,0.0,0.0,340.0
1648774260,0.028135777,0.0,0.0,0.10592699,217.5,0.0,0.0,363.0
1648774320,0.022825241,0.0,0.0,0.05090809,180.0,0.0,0.0,290.0
1648774380,0.026473999,0.0,0.0,0.08744049,201.0,0.0,0.0,343.0
1648774440,0.02685213,0.0,0.0,0.088309765,211.5,0.0,0.0,340.5
1648774500,0.02447033,0.0,0.0,0.086131096,187.0,0.0,0.0,313.0
1648774560,0.030132294,0.0,0.0,0.12477207,232.0,0.0,0.0,385.5
1648774620,0.024129868,0.0,0.0,0.06881952,186.5,0.0,0.0,307.5
1648774680,0.026335716,0.0,0.0,0.07044077,206.0,0.0,0.0,338.0
1648774740,0.6149926,0.0,0.0,0.16336775,380.5,0.0,0.0,557.0
1648810800,0.026147842,0.0,0.0,0.087729454,204.5,0.0,0.0,329.5
1648810860,0.026147842,0.0,0.0,0.087729454,204.5,0.0,0.0,329.5
1648810920,0.023655415,0.0,0.0,0.086108685,187.0,0.0,0.0,296.5
1648810980,0.027288437,0.0,0.0,0.088635445,215.0,0.0,0.0,344.0
1648811040,0.022199154,0.0,0.0,0.06777954,175.0,0.0,0.0,278.0
1648811100,0.029214859,0.0,0.0,0.10716295,228.5,0.0,0.0,368.5
1648811160,0.60262394,0.0,0.0,0.11068106,315.0,0.0,0.0,425.0
1648811220,0.028348923,0.0,0.0,0.093569756,215.0,0.0,0.0,346.5
1648811280,0.023984432,0.0,0.0,0.068906784,188.5,0.0,0.0,303.0
1648811340,0.031474113,0.0,0.0,0.10819578,239.5,0.0,0.0,371.5
1648811400,0.028328896,0.0,0.0,0.1066308,224.0,0.0,0.0,357.0
1648811460,0.022224903,0.0,0.0,0.06750584,172.5,0.0,0.0,279.5
1648811520,0.026534557,0.0,0.0,0.07060814,207.0,0.0,0.0,335.5
1648811580,0.027694702,0.0,0.0,0.10588884,214.5,0.0,0.0,349.0
1648811640,0.0270648,0.0,0.0,0.10556126,210.5,0.0,0.0,340.0
1648811700,0.02272129,0.0,0.0,0.05090618,181.0,0.0,0.0,286.0
1648811760,0.028369427,0.0,0.0,0.10652542,222.5,0.0,0.0,358.0
1648811820,0.02087593,0.0,0.0,0.06681204,164.5,0.0,0.0,260.5
1648811880,0.029828548,0.0,0.0,0.10766029,235.0,0.0,0.0,376.5
1648811940,0.023975372,0.0,0.0,0.06901026,189.0,0.0,0.0,301.0
1648812000,0.026504993,0.0,0.0,0.105257034,207.5,0.0,0.0,332.5
1648812060,0.022223473,0.0,0.0,0.0678916,177.5,0.0,0.0,278.5
1648812120,0.030286312,0.0,0.0,0.10791302,237.5,0.0,0.0,382.5
1648812180,0.024654388,0.0,0.0,0.08668804,193.5,0.0,0.0,309.5
1648812240,0.03164673,0.0,0.0,0.11797285,239.5,0.0,0.0,381.0
1648812300,0.020285606,0.0,0.0,0.04899025,158.5,0.0,0.0,254.0
1648812360,0.030770779,0.0,0.0,0.12560892,241.5,0.0,0.0,387.5
1648812420,0.021647453,0.0,0.0,0.050038338,171.0,0.0,0.0,272.5
1648812480,0.025249481,0.0,0.0,0.08714199,198.0,0.0,0.0,317.0
1648812540,0.030587196,0.0,0.0,0.12535477,239.5,0.0,0.0,386.5
1648812600,0.019295692,0.0,0.0,0.04828739,151.0,0.0,0.0,241.5
1648812660,0.030277252,0.0,0.0,0.10793543,237.5,0.0,0.0,382.0
1648812720,0.025688648,0.0,0.0,0.08743906,202.0,0.0,0.0,323.0
1648812780,0.026856422,0.0,0.0,0.10537481,210.0,0.0,0.0,339.0
1648812840,0.31323862,0.0,0.0,0.0888896,260.0,0.0,0.0,383.5
1648812900,0.30971336,0.0,0.0,0.086336136,230.0,0.0,0.0,336.5
1648812960,0.028068542,0.0,0.0,0.08912563,220.5,0.0,0.0,354.5
1648813020,0.025226593,0.0,0.0,0.08704567,197.5,0.0,0.0,318.0
1648813080,0.02780962,0.0,0.0,0.106199265,218.0,0.0,0.0,350.5
1648813140,0.022321701,0.0,0.0,0.06786108,176.5,0.0,0.0,280.0
1648813200,0.036827087,0.0,0.0,0.1291914,280.5,0.0,0.0,442.0
1648813260,0.020356178,0.0,0.0,0.04927063,162.0,0.0,0.0,254.5
1648813320,0.027549267,0.0,0.0,0.088839054,217.5,0.0,0.0,347.5
1648813380,0.026799679,0.0,0.0,0.10560608,211.5,0.0,0.0,337.0
1648813440,0.026976585,0.0,0.0,0.08847332,213.5,0.0,0.0,340.0
1648813500,0.027060986,0.0,0.0,0.10573387,212.0,0.0,0.0,340.0
1648813560,0.020952702,0.0,0.0,0.04964876,166.5,0.0,0.0,263.0
1648813620,0.02833414,0.0,0.0,0.106552124,221.0,0.0,0.0,357.0
1648813680,0.026582718,0.0,0.0,0.08798981,208.0,0.0,0.0,336.0
1648813740,0.028381348,0.0,0.0,0.10656977,222.5,0.0,0.0,359.0
1648813800,0.023415089,0.0,0.0,0.06863403,184.5,0.0,0.0,294.0
1648813860,0.027016163,0.0,0.0,0.10580826,213.5,0.0,0.0,339.5
1648813920,0.024063587,0.0,0.0,0.06913471,191.5,0.0,0.0,303.5
1648813980,0.025413513,0.0,0.0,0.0701623,201.5,0.0,0.0,319.5
1648814040,0.026630878,0.0,0.0,0.1054306,209.0,0.0,0.0,334.5
1648814100,0.024683952,0.0,0.0,0.06953287,195.5,0.0,0.0,311.5
1648814160,0.027665138,0.0,0.0,0.106135845,216.5,0.0,0.0,348.0
1648814220,0.026175499,0.0,0.0,0.08777332,206.0,0.0,0.0,330.5
1648814280,0.025273323,0.0,0.0,0.08739376,201.0,0.0,0.0,317.0
1648814340,0.024477482,0.0,0.0,0.06909704,192.0,0.0,0.0,309.0
1648778400,0.024430752,0.0,0.0,0.06916809,190.5,0.0,0.0,310.0
1648778460,0.024430752,0.0,0.0,0.06916809,190.5,0.0,0.0,310.0
1648778520,0.025811672,0.0,0.0,0.08754873,202.0,0.0,0.0,324.5
1648778580,0.02611494,0.0,0.0,0.08755827,203.0,0.0,0.0,332.5
1648778640,0.3364172,0.0,0.0,0.089233875,274.0,0.0,0.0,394.5
1648778700,0.33872128,0.0,0.0,0.1082325,294.0,0.0,0.0,424.0
1648778760,0.026372433,0.0,0.0,0.088024616,208.5,0.0,0.0,333.0
1648778820,0.026910305,0.0,0.0,0.10557079,210.5,0.0,0.0,339.5
1648778880,0.026650429,0.0,0.0,0.08802986,208.5,0.0,0.0,337.0
1648778940,0.026508331,0.0,0.0,0.10498381,204.5,0.0,0.0,335.5
1648779000,0.023527145,0.0,0.0,0.06846142,184.0,0.0,0.0,296.0
1648779060,0.025537014,0.0,0.0,0.07007074,198.5,0.0,0.0,323.5
1648779120,0.028843403,0.0,0.0,0.12403345,224.5,0.0,0.0,365.5
1648779180,0.026564121,0.0,0.0,0.0880599,208.0,0.0,0.0,336.0
1648779240,0.025382996,0.0,0.0,0.07009077,202.0,0.0,0.0,320.5
1648779300,0.027148724,0.0,0.0,0.105454445,208.5,0.0,0.0,341.5
1648779360,0.023849964,0.0,0.0,0.051175117,181.5,0.0,0.0,286.0
1648779420,0.031980038,0.0,0.0,0.12609863,247.0,0.0,0.0,393.5
1648779480,0.023638725,0.0,0.0,0.05146408,187.0,0.0,0.0,299.5
1648779540,0.026604176,0.0,0.0,0.10507536,206.5,0.0,0.0,335.5
1648779600,0.02617693,0.0,0.0,0.08776665,204.0,0.0,0.0,331.5
1648779660,0.02959919,0.0,0.0,0.10744238,232.0,0.0,0.0,374.5
1648779720,0.023304462,0.0,0.0,0.068455696,182.5,0.0,0.0,292.5
1648779780,0.027660847,0.0,0.0,0.10600281,215.5,0.0,0.0,349.0
1648779840,0.020190716,0.0,0.0,0.04899168,158.5,0.0,0.0,253.0
1648779900,0.030854702,0.0,0.0,0.12544012,239.0,0.0,0.0,391.5
1648779960,0.024264336,0.0,0.0,0.06909323,190.0,0.0,0.0,308.0
1648780020,0.02583313,0.0,0.0,0.069731236,197.0,0.0,0.0,338.0
1648780080,0.02900219,0.0,0.0,0.10618448,217.5,0.0,0.0,378.0
1648780140,0.027305603,0.0,0.0,0.08757353,204.5,0.0,0.0,349.0
1648780200,0.03226185,0.0,0.0,0.107512474,229.5,0.0,0.0,425.5
1648780260,0.026532173,0.0,0.0,0.08731079,199.5,0.0,0.0,334.5
1648780320,0.027575493,0.0,0.0,0.070296764,202.5,0.0,0.0,359.5
1648780380,0.027579784,0.0,0.0,0.087935925,207.0,0.0,0.0,355.5
1648780440,0.02878809,0.0,0.0,0.1064291,220.0,0.0,0.0,362.0
1648780500,0.021440983,0.0,0.0,0.049979687,169.5,0.0,0.0,269.5
1648780560,0.028384686,0.0,0.0,0.10591078,216.5,0.0,0.0,359.0
1648780620,0.605587,0.0,0.0,0.11086416,383.0,0.0,0.0,502.0
1648780680,0.029128551,0.0,0.0,0.107412815,229.0,0.0,0.0,367.0
1648780740,0.023556232,0.0,0.0,0.06849718,185.5,0.0,0.0,297.0
1648780800,0.025640965,0.0,0.0,0.08741808,201.0,0.0,0.0,323.0
1648780860,0.028531551,0.0,0.0,0.10667992,224.5,0.0,0.0,361.5
1648780920,0.02421999,0.0,0.0,0.06912327,190.0,0.0,0.0,305.5
1648780980,0.02768612,0.0,0.0,0.08870983,215.5,0.0,0.0,351.0
1648781040,0.02944231,0.0,0.0,0.107067585,224.5,0.0,0.0,344.5
1648781100,0.024858952,0.0,0.0,0.069791794,199.0,0.0,0.0,313.5
1648781160,0.02683115,0.0,0.0,0.105341434,210.0,0.0,0.0,338.0
1648781220,0.027597904,0.0,0.0,0.088876724,216.5,0.0,0.0,349.5
1648781280,0.026406288,0.0,0.0,0.105185986,206.0,0.0,0.0,332.0
1648781340,0.02313137,0.0,0.0,0.05109167,184.5,0.0,0.0,291.5
1648781400,0.024762154,0.0,0.0,0.08675861,193.0,0.0,0.0,311.5
1648781460,0.031476498,0.0,0.0,0.12610912,245.5,0.0,0.0,399.0
1648781520,0.020274162,0.0,0.0,0.04885626,158.5,0.0,0.0,254.5
1648781580,0.026796818,0.0,0.0,0.088294506,211.5,0.0,0.0,338.0
1648781640,0.029140472,0.0,0.0,0.12453222,227.0,0.0,0.0,367.0
1648781700,0.021062851,0.0,0.0,0.049515247,166.5,0.0,0.0,264.5
1648781760,0.029401302,0.0,0.0,0.10751104,230.5,0.0,0.0,371.0
1648781820,0.02557993,0.0,0.0,0.087225914,201.0,0.0,0.0,322.0
1648781880,0.024226665,0.0,0.0,0.069114685,190.5,0.0,0.0,305.5
1648781940,0.028002739,0.0,0.0,0.106404305,218.5,0.0,0.0,353.5
1648760400,0.02571392,0.0,0.0,0.06995058,199.5,0.0,0.0,331.0
1648760460,0.02571392,0.0,0.0,0.06995058,199.5,0.0,0.0,331.0
1648760520,0.027531624,0.0,0.0,0.08822632,211.5,0.0,0.0,356.5
1648760580,0.026543617,0.0,0.0,0.10490847,202.5,0.0,0.0,339.5
1648760640,0.029243946,0.0,0.0,0.10629463,218.5,0.0,0.0,382.0
1648760700,0.024458408,0.0,0.0,0.06891155,188.0,0.0,0.0,313.5
1648760760,0.028914452,0.0,0.0,0.106618404,222.5,0.0,0.0,371.0
1648760820,0.026013374,0.0,0.0,0.08729458,200.0,0.0,0.0,334.5
1648760880,0.02109766,0.0,0.0,0.049454212,163.5,0.0,0.0,269.0
1648760940,0.028588295,0.0,0.0,0.089102745,221.5,0.0,0.0,369.0
1648761000,0.030000687,0.0,0.0,0.124219894,226.5,0.0,0.0,390.5
1648761060,0.024589062,0.0,0.0,0.069039345,189.5,0.0,0.0,317.5
1648761120,0.024299622,0.0,0.0,0.068864346,187.0,0.0,0.0,312.5
1648761180,0.02944851,0.0,0.0,0.12411976,225.5,0.0,0.0,381.5
1648761240,0.024615288,0.0,0.0,0.06917238,191.0,0.0,0.0,315.5
1648761300,0.027975082,0.0,0.0,0.08866596,215.0,0.0,0.0,361.5
1648761360,0.025112629,0.0,0.0,0.08667135,193.0,0.0,0.0,322.5
1648761420,0.026351929,0.0,0.0,0.08772087,204.5,0.0,0.0,337.5
1648761480,0.027219296,0.0,0.0,0.08805704,208.5,0.0,0.0,351.0
1648761540,0.027030945,0.0,0.0,0.105201244,206.5,0.0,0.0,347.5
1648761600,0.026245594,0.0,0.0,0.08756018,202.5,0.0,0.0,336.5
1648761660,0.024336815,0.0,0.0,0.05180359,189.5,0.0,0.0,311.5
1648761720,0.02809,0.0,0.0,0.12330198,216.0,0.0,0.0,359.0
1648761780,0.026081562,0.0,0.0,0.070342064,204.0,0.0,0.0,334.0
1648761840,0.024816036,0.0,0.0,0.08635664,189.5,0.0,0.0,320.0
1648761900,0.025925636,0.0,0.0,0.06988764,198.5,0.0,0.0,335.0
1648761960,0.027794361,0.0,0.0,0.105433464,209.0,0.0,0.0,360.5
1648762020,0.026759148,0.0,0.0,0.08777237,205.5,0.0,0.0,345.0
1648762080,0.03175068,0.0,0.0,0.09084606,238.5,0.0,0.0,383.5
1648762140,0.3113594,0.0,0.0,0.08675814,245.0,0.0,0.0,361.5
1648762200,0.3164749,0.0,0.0,0.124605656,281.0,0.0,0.0,433.0
1648762260,0.026355743,0.0,0.0,0.08730602,200.0,0.0,0.0,341.0
1648762320,0.028259277,0.0,0.0,0.10580206,213.5,0.0,0.0,371.0
1648762380,0.022981644,0.0,0.0,0.050852776,179.0,0.0,0.0,292.0
1648762440,0.028101921,0.0,0.0,0.10576677,213.0,0.0,0.0,365.5
1648762500,0.024224281,0.0,0.0,0.069173336,190.5,0.0,0.0,307.0
1648762560,0.030314445,0.0,0.0,0.107269764,230.5,0.0,0.0,396.5
1648762620,0.02563095,0.0,0.0,0.08718395,198.5,0.0,0.0,327.0
1648762680,0.02490282,0.0,0.0,0.06903839,189.5,0.0,0.0,324.0
1648762740,0.027948856,0.0,0.0,0.10621071,218.0,0.0,0.0,354.5
1648762800,0.024198532,0.0,0.0,0.068385124,184.0,0.0,0.0,315.0
1648762860,0.026295185,0.0,0.0,0.08807182,206.5,0.0,0.0,332.0
1648762920,0.029025078,0.0,0.0,0.1061759,218.0,0.0,0.0,381.5
1648762980,0.028037071,0.0,0.0,0.08873463,216.5,0.0,0.0,360.5
1648763040,0.022295952,0.0,0.0,0.067296505,168.5,0.0,0.0,288.0
1648763100,0.027295113,0.0,0.0,0.0884552,213.5,0.0,0.0,348.5
1648763160,0.028662682,0.0,0.0,0.10632372,219.5,0.0,0.0,371.0
1648763220,0.02249384,0.0,0.0,0.06779289,175.0,0.0,0.0,283.5
1648763280,0.027118683,0.0,0.0,0.08776474,205.0,0.0,0.0,354.5
1648763340,0.029603004,0.0,0.0,0.10728979,231.0,0.0,0.0,382.5
1648763400,0.027122974,0.0,0.0,0.088024616,208.0,0.0,0.0,350.5
1648763460,0.02584982,0.0,0.0,0.087165356,198.5,0.0,0.0,331.5
1648763520,0.025396347,0.0,0.0,0.08671379,193.0,0.0,0.0,328.5
1648763580,0.026668549,0.0,0.0,0.08793306,209.0,0.0,0.0,340.0
1648763640,0.025595665,0.0,0.0,0.06972504,195.0,0.0,0.0,334.5
1648763700,0.029049397,0.0,0.0,0.12392378,222.0,0.0,0.0,373.5
1648763760,0.026086807,0.0,0.0,0.08742905,201.5,0.0,0.0,334.5
1648763820,0.029939175,0.0,0.0,0.08963442,224.5,0.0,0.0,358.5
1648763880,0.027163029,0.0,0.0,0.08805323,208.5,0.0,0.0,352.5
1648763940,0.023026943,0.0,0.0,0.050986767,181.5,0.0,0.0,292.5
1648800000,0.024080276,0.0,0.0,0.06859636,185.5,0.0,0.0,290.5
1648800060,0.024080276,0.0,0.0,0.06859636,185.5,0.0,0.0,290.5
1648800120,0.028404713,0.0,0.0,0.08933687,220.5,0.0,0.0,345.5
1648800180,0.028098583,0.0,0.0,0.10633755,219.5,0.0,0.0,354.5
1648800240,0.021957397,0.0,0.0,0.050246716,175.0,0.0,0.0,276.5
1648800300,0.026467323,0.0,0.0,0.08804417,208.0,0.0,0.0,333.0
1648800360,0.024665356,0.0,0.0,0.08676767,193.5,0.0,0.0,309.5
1648800420,0.030845642,0.0,0.0,0.12571096,240.5,0.0,0.0,389.5
1648800480,0.021179676,0.0,0.0,0.049798965,170.0,0.0,0.0,265.5
1648800540,0.028977394,0.0,0.0,0.12425089,223.5,0.0,0.0,365.0
1648800600,0.60502577,0.0,0.0,0.12746954,369.5,0.0,0.0,519.0
1648800660,0.025053501,0.0,0.0,0.08688784,195.0,0.0,0.0,315.5
1648800720,0.025182247,0.0,0.0,0.08716059,198.5,0.0,0.0,316.5
1648800780,0.026608944,0.0,0.0,0.08814764,210.0,0.0,0.0,336.0
1648800840,0.023979187,0.0,0.0,0.0688324,189.0,0.0,0.0,302.0
1648800900,0.02777195,0.0,0.0,0.10645008,218.5,0.0,0.0,349.0
1648800960,0.02379322,0.0,0.0,0.0688777,188.0,0.0,0.0,299.5
1648801020,0.024611473,0.0,0.0,0.069420815,196.0,0.0,0.0,310.0
1648801080,0.027331352,0.0,0.0,0.105873585,214.0,0.0,0.0,344.0
1648801140,0.025828362,0.0,0.0,0.08735561,200.0,0.0,0.0,324.5
1648801200,0.027787209,0.0,0.0,0.105905056,214.5,0.0,0.0,350.5
1648801260,0.025914669,0.0,0.0,0.07039356,204.5,0.0,0.0,327.5
1648801320,0.021345139,0.0,0.0,0.06712675,168.0,0.0,0.0,267.5
1648801380,0.029702663,0.0,0.0,0.10744572,231.5,0.0,0.0,375.5
1648801440,0.027664185,0.0,0.0,0.106235504,217.0,0.0,0.0,349.0
1648801500,0.02610588,0.0,0.0,0.08756018,204.5,0.0,0.0,329.0
1648801560,0.022923946,0.0,0.0,0.068367004,182.0,0.0,0.0,287.5
1648801620,0.02619648,0.0,0.0,0.08790398,206.5,0.0,0.0,329.5
1648801680,0.022301674,0.0,0.0,0.067854404,176.5,0.0,0.0,280.5
1648801740,0.029148102,0.0,0.0,0.10736418,230.5,0.0,0.0,367.0
1648801800,0.02641821,0.0,0.0,0.08801699,208.0,0.0,0.0,333.0
1648801860,0.026031971,0.0,0.0,0.070115566,200.5,0.0,0.0,315.0
1648801920,0.02706337,0.0,0.0,0.08830881,211.0,0.0,0.0,327.5
1648801980,0.02428341,0.0,0.0,0.08650875,191.5,0.0,0.0,305.0
1648802040,0.025323391,0.0,0.0,0.08734846,200.5,0.0,0.0,318.0
1648802100,0.028522491,0.0,0.0,0.10695219,226.5,0.0,0.0,359.0
1648802160,0.026072502,0.0,0.0,0.08775234,205.0,0.0,0.0,328.5
1648802220,0.025927544,0.0,0.0,0.08771324,204.5,0.0,0.0,326.0
1648802280,0.025649548,0.0,0.0,0.08762407,203.5,0.0,0.0,322.0
1648802340,0.02577734,0.0,0.0,0.08771753,205.0,0.0,0.0,324.0
1648802400,0.59924746,0.0,0.0,0.10570812,318.5,0.0,0.0,444.0
1648802460,0.027000904,0.0,0.0,0.0883441,211.5,0.0,0.0,340.5
1648802520,0.026687145,0.0,0.0,0.088083744,209.0,0.0,0.0,337.0
1648802580,0.02775526,0.0,0.0,0.10618496,218.5,0.0,0.0,350.5
1648802640,0.023228168,0.0,0.0,0.0683918,181.5,0.0,0.0,291.5
1648802700,0.026735783,0.0,0.0,0.08820772,210.0,0.0,0.0,337.0
1648802760,0.027770996,0.0,0.0,0.10610151,216.5,0.0,0.0,350.0
1648802820,0.026885986,0.0,0.0,0.08822918,209.5,0.0,0.0,338.5
1648802880,0.024534702,0.0,0.0,0.08662939,193.0,0.0,0.0,309.0
1648802940,0.027048111,0.0,0.0,0.10551882,210.5,0.0,0.0,341.0
1648803000,0.025956154,0.0,0.0,0.07036257,204.5,0.0,0.0,328.0
1648803060,0.027893066,0.0,0.0,0.106565,222.5,0.0,0.0,351.0
1648803120,0.02111435,0.0,0.0,0.049794197,167.0,0.0,0.0,264.0
1648803180,0.025743961,0.0,0.0,0.08740187,200.5,0.0,0.0,324.0
1648803240,0.02767992,0.0,0.0,0.10608959,217.0,0.0,0.0,349.0
1648803300,0.026154041,0.0,0.0,0.08791304,207.0,0.0,0.0,329.0
1648803360,0.025428772,0.0,0.0,0.0873003,199.5,0.0,0.0,319.5
1648803420,0.027077198,0.0,0.0,0.10567474,212.5,0.0,0.0,341.5
1648803480,0.026735783,0.0,0.0,0.088060856,208.5,0.0,0.0,337.5
1648803540,0.02189684,0.0,0.0,0.05017519,171.0,0.0,0.0,274.5
1648796400,0.026412964,0.0,0.0,0.070578575,206.0,0.0,0.0,320.0
1648796460,0.026412964,0.0,0.0,0.070578575,206.0,0.0,0.0,320.0
1648796520,0.024937153,0.0,0.0,0.086812496,195.0,0.0,0.0,314.5
1648796580,0.026737213,0.0,0.0,0.08808422,209.5,0.0,0.0,338.0
1648796640,0.023537159,0.0,0.0,0.06859875,184.0,0.0,0.0,296.0
1648796700,0.029324055,0.0,0.0,0.12434244,226.5,0.0,0.0,370.0
1648796760,0.026106834,0.0,0.0,0.08788633,207.0,0.0,0.0,329.0
1648796820,0.0233078,0.0,0.0,0.06855297,183.5,0.0,0.0,292.5
1648796880,0.025834084,0.0,0.0,0.07033491,204.0,0.0,0.0,326.0
1648796940,0.6178856,0.0,0.0,0.14341211,349.0,0.0,0.0,476.0
1648797000,0.029892921,0.0,0.0,0.10766554,234.5,0.0,0.0,378.0
1648797060,0.024641037,0.0,0.0,0.08664036,193.0,0.0,0.0,310.0
1648797120,0.017365456,0.0,0.0,0.029822826,137.5,0.0,0.0,219.0
1648797180,0.03425932,0.0,0.0,0.14530754,269.0,0.0,0.0,431.5
1648797240,0.021063328,0.0,0.0,0.06694126,165.0,0.0,0.0,265.5
1648797300,0.02955103,0.0,0.0,0.08986235,229.0,0.0,0.0,372.5
1648797360,0.018754482,0.0,0.0,0.047990322,147.0,0.0,0.0,236.5
1648797420,0.031079292,0.0,0.0,0.10856867,244.5,0.0,0.0,390.5
1648797480,0.030639172,0.0,0.0,0.12533045,238.0,0.0,0.0,387.0
1648797540,0.020235538,0.0,0.0,0.04905939,159.5,0.0,0.0,253.5
1648797600,0.029003143,0.0,0.0,0.10690546,225.5,0.0,0.0,366.5
1648797660,0.023033142,0.0,0.0,0.06813955,178.5,0.0,0.0,289.5
1648797720,0.02678299,0.0,0.0,0.08807564,208.5,0.0,0.0,338.5
1648797780,0.027410984,0.0,0.0,0.10598755,215.5,0.0,0.0,345.0
1648797840,0.025410175,0.0,0.0,0.08733797,201.0,0.0,0.0,320.0
1648797900,0.02464962,0.0,0.0,0.06949377,194.0,0.0,0.0,310.0
1648797960,0.028451443,0.0,0.0,0.12396288,223.5,0.0,0.0,358.5
1648798020,0.023670197,0.0,0.0,0.06885576,187.0,0.0,0.0,297.5
1648798080,0.025518894,0.0,0.0,0.06994152,199.0,0.0,0.0,322.0
1648798140,0.028456211,0.0,0.0,0.10642815,220.5,0.0,0.0,360.0
1648798200,0.028603077,0.0,0.0,0.10639334,219.0,0.0,0.0,347.0
1648798260,0.024696827,0.0,0.0,0.052009583,192.0,0.0,0.0,298.0
1648798320,0.02896738,0.0,0.0,0.124034405,223.0,0.0,0.0,365.0
1648798380,0.020252228,0.0,0.0,0.048978806,158.0,0.0,0.0,253.5
1648798440,0.03054142,0.0,0.0,0.108121395,240.0,0.0,0.0,387.0
1648798500,0.02495718,0.0,0.0,0.086848736,194.5,0.0,0.0,314.0
1648798560,0.027720928,0.0,0.0,0.08845377,212.0,0.0,0.0,337.5
1648798620,0.6007862,0.0,0.0,0.123758316,324.0,0.0,0.0,458.5
1648798680,0.027073383,0.0,0.0,0.105685234,212.0,0.0,0.0,341.0
1648798740,0.023557186,0.0,0.0,0.051516056,187.5,0.0,0.0,297.0
1648798800,0.028734684,0.0,0.0,0.12416792,224.5,0.0,0.0,361.5
1648798860,0.024781227,0.0,0.0,0.069591045,195.5,0.0,0.0,312.0
1648798920,0.02585888,0.0,0.0,0.087739944,205.0,0.0,0.0,325.0
1648798980,0.022959232,0.0,0.0,0.06834221,181.5,0.0,0.0,288.0
1648799040,0.029790878,0.0,0.0,0.12493992,234.0,0.0,0.0,375.0
1648799100,0.024110794,0.0,0.0,0.06913996,190.5,0.0,0.0,303.0
1648799160,0.027071953,0.0,0.0,0.10570383,212.0,0.0,0.0,340.5
1648799220,0.026798725,0.0,0.0,0.08826113,210.5,0.0,0.0,337.5
1648799280,0.026213646,0.0,0.0,0.08779144,205.5,0.0,0.0,330.5
1648799340,0.02289772,0.0,0.0,0.051021576,182.0,0.0,0.0,288.5
1648799400,0.027149677,0.0,0.0,0.105799675,212.5,0.0,0.0,341.0
1648799460,0.02486372,0.0,0.0,0.08697939,197.0,0.0,0.0,312.5
1648799520,0.024083614,0.0,0.0,0.06893492,189.5,0.0,0.0,302.5
1648799580,0.028863907,0.0,0.0,0.10716629,227.0,0.0,0.0,364.0
1648799640,0.02505207,0.0,0.0,0.08710861,198.5,0.0,0.0,315.5
1648799700,0.026991844,0.0,0.0,0.105798244,213.5,0.0,0.0,339.5
1648799760,0.027261734,0.0,0.0,0.08860874,214.5,0.0,0.0,344.0
1648799820,0.022756577,0.0,0.0,0.06817961,180.0,0.0,0.0,286.0
1648799880,0.025679588,0.0,0.0,0.08755493,202.5,0.0,0.0,322.5
1648799940,0.023888111,0.0,0.0,0.06870985,187.5,0.0,0.0,301.0
1648789200,0.028550625,0.0,0.0,0.1066246,223.0,0.0,0.0,361.0
1648789260,0.028550625,0.0,0.0,0.1066246,223.0,0.0,0.0,361.0
1648789320,0.028226376,0.0,0.0,0.10648918,221.0,0.0,0.0,356.0
1648789380,0.023576736,0.0,0.0,0.06874418,186.5,0.0,0.0,296.5
1648789440,0.026317596,0.0,0.0,0.08801746,207.5,0.0,0.0,331.5
1648789500,0.024184227,0.0,0.0,0.06918669,191.5,0.0,0.0,304.5
1648789560,0.028344154,0.0,0.0,0.123802185,220.5,0.0,0.0,356.5
1648789620,0.023843288,0.0,0.0,0.06897068,189.0,0.0,0.0,300.0
1648789680,0.6079221,0.0,0.0,0.12819815,374.0,0.0,0.0,509.5
1648789740,0.02499628,0.0,0.0,0.087007046,197.5,0.0,0.0,315.5
1648789800,0.028121948,0.0,0.0,0.10652685,220.5,0.0,0.0,353.0
1648789860,0.02484417,0.0,0.0,0.06971121,198.0,0.0,0.0,313.5
1648789920,0.028067589,0.0,0.0,0.10659742,222.5,0.0,0.0,353.0
1648789980,0.020623207,0.0,0.0,0.049425125,163.5,0.0,0.0,258.0
1648790040,0.026742458,0.0,0.0,0.08821535,210.5,0.0,0.0,337.5
1648790100,0.026869774,0.0,0.0,0.10556269,210.5,0.0,0.0,338.0
1648790160,0.028673649,0.0,0.0,0.1066885,223.5,0.0,0.0,362.0
1648790220,0.023444653,0.0,0.0,0.06873417,187.0,0.0,0.0,295.0
1648790280,0.027068138,0.0,0.0,0.10586786,214.5,0.0,0.0,340.5
1648790340,0.027311802,0.0,0.0,0.08874464,215.5,0.0,0.0,344.0
1648790400,0.023601055,0.0,0.0,0.06888008,188.0,0.0,0.0,297.0
1648790460,0.022631168,0.0,0.0,0.068078995,179.0,0.0,0.0,284.0
1648790520,0.03087616,0.0,0.0,0.1254406,239.5,0.0,0.0,390.5
1648790580,0.025592804,0.0,0.0,0.07017565,202.5,0.0,0.0,323.0
1648790640,0.022104263,0.0,0.0,0.06758833,173.0,0.0,0.0,277.5
1648790700,0.031391144,0.0,0.0,0.12602901,246.5,0.0,0.0,397.0
1648790760,0.021492481,0.0,0.0,0.05004263,170.5,0.0,0.0,269.5
1648790820,0.026416779,0.0,0.0,0.0879488,208.0,0.0,0.0,333.5
1648790880,0.026641369,0.0,0.0,0.08818579,210.0,0.0,0.0,335.5
1648790940,0.023275375,0.0,0.0,0.085790634,182.5,0.0,0.0,291.0
1648791000,0.028764248,0.0,0.0,0.09427357,223.0,0.0,0.0,357.5
1648791060,0.02606535,0.0,0.0,0.09230518,200.5,0.0,0.0,322.0
1648791120,0.02700138,0.0,0.0,0.10567522,211.5,0.0,0.0,339.5
1648791180,0.026239872,0.0,0.0,0.08776903,205.5,0.0,0.0,331.5
1648791240,0.026024342,0.0,0.0,0.08753824,202.0,0.0,0.0,328.5
1648791300,0.02953577,0.0,0.0,0.106743336,223.0,0.0,0.0,362.0
1648791360,0.022932053,0.0,0.0,0.05074644,178.5,0.0,0.0,275.5
1648791420,0.60988426,0.0,0.0,0.14600515,385.0,0.0,0.0,531.0
1648791480,0.027811527,0.0,0.0,0.10629177,219.0,0.0,0.0,350.0
1648791540,0.025559425,0.0,0.0,0.07010317,202.0,0.0,0.0,323.0
1648791600,0.025641918,0.0,0.0,0.08732176,200.0,0.0,0.0,324.0
1648791660,0.023837566,0.0,0.0,0.068953514,189.0,0.0,0.0,301.0
1648791720,0.029592514,0.0,0.0,0.124712944,231.0,0.0,0.0,373.5
1648791780,0.021373272,0.0,0.0,0.05001974,169.5,0.0,0.0,267.5
1648791840,0.0268054,0.0,0.0,0.088190556,210.5,0.0,0.0,339.0
1648791900,0.027237892,0.0,0.0,0.10578203,213.0,0.0,0.0,343.5
1648791960,0.025091171,0.0,0.0,0.08687782,195.0,0.0,0.0,316.0
1648792020,0.027678013,0.0,0.0,0.10625553,218.0,0.0,0.0,348.0
1648792080,0.025048256,0.0,0.0,0.06970453,197.0,0.0,0.0,316.0
1648792140,0.025893688,0.0,0.0,0.087453365,201.5,0.0,0.0,326.5
1648792200,0.026907444,0.0,0.0,0.10551357,210.0,0.0,0.0,339.5
1648792260,0.024249077,0.0,0.0,0.069238186,192.0,0.0,0.0,305.5
1648792320,0.028188229,0.0,0.0,0.10652065,220.5,0.0,0.0,354.5
1648792380,0.021412373,0.0,0.0,0.049932003,169.5,0.0,0.0,269.0
1648792440,0.027567863,0.0,0.0,0.088788986,217.5,0.0,0.0,348.5
1648792500,0.02641058,0.0,0.0,0.10519791,206.0,0.0,0.0,331.5
1648792560,0.027531624,0.0,0.0,0.08869839,216.0,0.0,0.0,348.5
1648792620,0.02200365,0.0,0.0,0.06745815,171.5,0.0,0.0,276.5
1648792680,0.028259277,0.0,0.0,0.08942795,224.5,0.0,0.0,357.0
1648792740,0.027190685,0.0,0.0,0.10561371,211.0,0.0,0.0,342.5
1648746000,0.030610561,0.0,0.0,0.10751057,233.0,0.0,0.0,399.5
1648746060,0.030610561,0.0,0.0,0.10751057,233.0,0.0,0.0,399.5
1648746120,0.027719498,0.0,0.0,0.10588312,215.0,0.0,0.0,355.0
1648746180,0.02520895,0.0,0.0,0.06929684,192.0,0.0,0.0,326.5
1648746240,0.026405334,0.0,0.0,0.087635994,204.0,0.0,0.0,337.0
1648746300,0.026866436,0.0,0.0,0.08767462,204.0,0.0,0.0,347.0
1648746360,0.023462772,0.0,0.0,0.06815243,179.5,0.0,0.0,303.5
1648746420,0.026625156,0.0,0.0,0.08781099,205.5,0.0,0.0,342.0
1648746480,0.029082775,0.0,0.0,0.1070261,227.0,0.0,0.0,370.5
1648746540,0.025269508,0.0,0.0,0.08678341,193.5,0.0,0.0,323.5
1648746600,0.029047012,0.0,0.0,0.10678053,224.5,0.0,0.0,370.0
1648746660,0.023213387,0.0,0.0,0.06783438,176.0,0.0,0.0,302.5
1648746720,0.026547432,0.0,0.0,0.08796215,207.0,0.0,0.0,339.0
1648746780,0.023706913,0.0,0.0,0.06854153,184.0,0.0,0.0,303.5
1648746840,0.028439522,0.0,0.0,0.088936806,219.0,0.0,0.0,369.0
1648746900,0.02774477,0.0,0.0,0.105745316,212.5,0.0,0.0,356.5
1648746960,0.026125431,0.0,0.0,0.08752775,202.5,0.0,0.0,333.0
1648747020,0.028846264,0.0,0.0,0.10653591,221.5,0.0,0.0,371.0
1648747080,0.023724556,0.0,0.0,0.06837034,181.5,0.0,0.0,304.5
1648747140,0.027605534,0.0,0.0,0.105680466,212.0,0.0,0.0,352.0
1648747200,0.024301052,0.0,0.0,0.05157709,188.5,0.0,0.0,314.0
1648747260,0.027652264,0.0,0.0,0.1057415,212.5,0.0,0.0,354.0
1648747320,0.029437542,0.0,0.0,0.09407139,220.0,0.0,0.0,363.0
1648747380,0.33418465,0.0,0.0,0.11189222,278.0,0.0,0.0,418.5
1648747440,0.3333044,0.0,0.0,0.107393265,284.0,0.0,0.0,416.5
1648747500,0.025205135,0.0,0.0,0.08672857,193.0,0.0,0.0,322.5
1648747560,0.02792883,0.0,0.0,0.08860922,215.0,0.0,0.0,360.5
1648747620,0.030084133,0.0,0.0,0.08951235,224.0,0.0,0.0,363.5
1648747680,0.028621197,0.0,0.0,0.10677338,224.0,0.0,0.0,365.0
1648747740,0.02496624,0.0,0.0,0.08658314,192.5,0.0,0.0,320.0
1648747800,0.025278091,0.0,0.0,0.069674015,196.5,0.0,0.0,322.5
1648747860,0.025795937,0.0,0.0,0.08726692,199.5,0.0,0.0,331.5
1648747920,0.028626919,0.0,0.0,0.10642624,220.0,0.0,0.0,368.0
1648747980,0.021193981,0.0,0.0,0.049649715,166.5,0.0,0.0,268.5
1648748040,0.02657175,0.0,0.0,0.08752537,204.5,0.0,0.0,343.0
1648748100,0.027526855,0.0,0.0,0.088615894,213.5,0.0,0.0,353.5
1648748160,0.031123638,0.0,0.0,0.12508917,234.5,0.0,0.0,405.0
1648748220,0.022793293,0.0,0.0,0.06810951,179.5,0.0,0.0,289.0
1648748280,0.027703762,0.0,0.0,0.08851862,213.5,0.0,0.0,356.5
1648748340,0.026808739,0.0,0.0,0.08784294,206.5,0.0,0.0,346.0
1648748400,0.025677204,0.0,0.0,0.0869174,196.0,0.0,0.0,331.0
1648748460,0.02899599,0.0,0.0,0.106583595,222.5,0.0,0.0,372.5
1648748520,0.022098541,0.0,0.0,0.04992819,171.5,0.0,0.0,285.0
1648748580,0.026813507,0.0,0.0,0.08825445,209.5,0.0,0.0,342.0
1648748640,0.031006813,0.0,0.0,0.12551785,240.0,0.0,0.0,397.5
1648748700,0.022548199,0.0,0.0,0.06787205,176.5,0.0,0.0,286.0
1648748760,0.02691412,0.0,0.0,0.070510864,206.5,0.0,0.0,352.5
1648748820,0.025563717,0.0,0.0,0.08704281,199.0,0.0,0.0,326.0
1648748880,0.026731491,0.0,0.0,0.08781767,204.0,0.0,0.0,346.5
1648748940,0.028513908,0.0,0.0,0.12371445,218.5,0.0,0.0,363.0
1648749000,0.02490902,0.0,0.0,0.069027424,189.5,0.0,0.0,324.0
1648749060,0.02688694,0.0,0.0,0.087845325,208.0,0.0,0.0,344.0
1648749120,0.0252347,0.0,0.0,0.086500645,189.5,0.0,0.0,326.0
1648749180,0.023681164,0.0,0.0,0.06847572,183.5,0.0,0.0,303.5
1648749240,0.031668663,0.0,0.0,0.12616968,245.5,0.0,0.0,404.5
1648749300,0.02394867,0.0,0.0,0.06869173,186.5,0.0,0.0,308.0
1648749360,0.60988665,0.0,0.0,0.14460468,361.5,0.0,0.0,514.0
1648749420,0.026116371,0.0,0.0,0.087150574,198.5,0.0,0.0,338.0
1648749480,0.025770187,0.0,0.0,0.07016516,202.0,0.0,0.0,328.0
1648749540,0.02965355,0.0,0.0,0.08918095,220.0,0.0,0.0,358.0
1648749600,0.020889282,0.0,0.0,0.049024105,160.5,0.0,0.0,267.5
1648749660,0.020889282,0.0,0.0,0.049024105,160.5,0.0,0.0,267.5
1648749720,0.030454636,0.0,0.0,0.12496328,232.5,0.0,0.0,394.0
1648749780,0.026408195,0.0,0.0,0.070278645,204.0,0.0,0.0,343.5
1648749840,0.023702145,0.0,0.0,0.06882954,187.0,0.0,0.0,299.0
1648749900,0.030921936,0.0,0.0,0.11433697,225.0,0.0,0.0,385.5
1648749960,0.026824474,0.0,0.0,0.08970499,200.5,0.0,0.0,341.0
1648750020,0.025976181,0.0,0.0,0.08748913,202.5,0.0,0.0,334.5
1648750080,0.024968147,0.0,0.0,0.08654404,192.0,0.0,0.0,320.0
1648750140,0.027139187,0.0,0.0,0.070171356,202.0,0.0,0.0,361.0
1648750200,0.028411388,0.0,0.0,0.106151104,214.5,0.0,0.0,367.5
1648750260,0.027456284,0.0,0.0,0.10533047,209.5,0.0,0.0,355.0
1648750320,0.023049831,0.0,0.0,0.051050663,182.0,0.0,0.0,293.0
1648750380,0.02808237,0.0,0.0,0.10605812,216.5,0.0,0.0,361.0
1648750440,0.028450966,0.0,0.0,0.10638523,218.0,0.0,0.0,366.5
1648750500,0.02074337,0.0,0.0,0.048881054,159.0,0.0,0.0,266.5
1648750560,0.031153679,0.0,0.0,0.108127594,237.0,0.0,0.0,401.0
1648750620,0.028586388,0.0,0.0,0.10624361,219.5,0.0,0.0,369.5
1648750680,0.024459839,0.0,0.0,0.069027424,189.0,0.0,0.0,315.0
1648750740,0.023010254,0.0,0.0,0.06777382,177.0,0.0,0.0,294.0
1648750800,0.029295921,0.0,0.0,0.1066823,223.0,0.0,0.0,378.5
1648750860,0.024158478,0.0,0.0,0.06887388,188.0,0.0,0.0,308.0
1648750920,0.03101015,0.0,0.0,0.125494,239.0,0.0,0.0,400.5
1648750980,0.025226116,0.0,0.0,0.0691638,191.5,0.0,0.0,324.5
1648751040,0.022506714,0.0,0.0,0.06766176,173.5,0.0,0.0,285.0
1648751100,0.6057954,0.0,0.0,0.12739229,361.0,0.0,0.0,517.0
1648751160,0.031019688,0.0,0.0,0.10747099,228.5,0.0,0.0,375.0
1648751220,0.02791357,0.0,0.0,0.10589361,216.5,0.0,0.0,359.0
1648751280,0.024213314,0.0,0.0,0.051748753,190.0,0.0,0.0,310.0
1648751340,0.026396751,0.0,0.0,0.087771416,205.5,0.0,0.0,337.0
1648751400,0.025586605,0.0,0.0,0.08695269,196.5,0.0,0.0,328.5
1648751460,0.02824688,0.0,0.0,0.08866978,215.0,0.0,0.0,369.0
1648751520,0.027106762,0.0,0.0,0.105397224,209.0,0.0,0.0,345.5
1648751580,0.028492928,0.0,0.0,0.10614443,217.5,0.0,0.0,368.5
1648751640,0.026696205,0.0,0.0,0.08796358,205.0,0.0,0.0,342.0
1648751700,0.02469492,0.0,0.0,0.06884146,189.0,0.0,0.0,319.5
1648751760,0.02345848,0.0,0.0,0.06835508,182.0,0.0,0.0,299.5
1648751820,0.030604362,0.0,0.0,0.12493038,233.0,0.0,0.0,397.0
1648751880,0.024698734,0.0,0.0,0.06900883,189.5,0.0,0.0,320.5
1648751940,0.025326252,0.0,0.0,0.08687639,194.5,0.0,0.0,324.5
1648752000,0.029323101,0.0,0.0,0.10701561,227.0,0.0,0.0,377.5
1648752060,0.023460865,0.0,0.0,0.06836319,182.5,0.0,0.0,300.5
1648752120,0.025819302,0.0,0.0,0.070201874,202.5,0.0,0.0,328.0
1648752180,0.024908543,0.0,0.0,0.08611441,186.5,0.0,0.0,325.0
1648752240,0.031321526,0.0,0.0,0.10843277,241.0,0.0,0.0,404.5
1648752300,0.024476528,0.0,0.0,0.06872797,188.5,0.0,0.0,318.0
1648752360,0.028418064,0.0,0.0,0.106592655,220.0,0.0,0.0,363.0
1648752420,0.024804115,0.0,0.0,0.08632326,191.0,0.0,0.0,318.5
1648752480,0.028119087,0.0,0.0,0.08909464,219.0,0.0,0.0,361.5
1648752540,0.022724628,0.0,0.0,0.067472935,173.5,0.0,0.0,295.5
1648752600,0.031356335,0.0,0.0,0.12787151,239.0,0.0,0.0,400.5
1648752660,0.023834705,0.0,0.0,0.05360031,181.5,0.0,0.0,304.0
1648752720,0.02725935,0.0,0.0,0.09280157,207.0,0.0,0.0,342.0
1648752780,0.029266834,0.0,0.0,0.12382841,222.0,0.0,0.0,379.5
1648752840,0.027199268,0.0,0.0,0.088060856,208.5,0.0,0.0,352.5
1648752900,0.024804115,0.0,0.0,0.06949663,194.0,0.0,0.0,315.0
1648752960,0.028720379,0.0,0.0,0.106253624,216.0,0.0,0.0,354.0
1648753020,0.61348486,0.0,0.0,0.11364746,411.5,0.0,0.0,550.0
1648753080,0.023815155,0.0,0.0,0.06859827,185.0,0.0,0.0,305.0
1648753140,0.029027462,0.0,0.0,0.12393904,223.0,0.0,0.0,371.5
1648825200,0.026034355,0.0,0.0,0.06993437,199.0,0.0,0.0,320.5
1648825260,0.026034355,0.0,0.0,0.06993437,199.0,0.0,0.0,320.5
1648825320,0.60286665,0.0,0.0,0.12511492,339.5,0.0,0.0,490.5
1648825380,0.03038311,0.0,0.0,0.124503136,229.0,0.0,0.0,391.5
1648825440,0.024733067,0.0,0.0,0.06928158,192.5,0.0,0.0,317.5
1648825500,0.030545235,0.0,0.0,0.108036995,237.5,0.0,0.0,390.0
1648825560,0.024918556,0.0,0.0,0.068971634,190.5,0.0,0.0,324.0
1648825620,0.027619839,0.0,0.0,0.10544586,209.0,0.0,0.0,355.0
1648825680,0.023307323,0.0,0.0,0.06821251,180.0,0.0,0.0,297.0
1648825740,0.03082323,0.0,0.0,0.09027338,232.5,0.0,0.0,369.5
1648825800,0.022348404,0.0,0.0,0.0675807,174.0,0.0,0.0,285.5
1648825860,0.03121996,0.0,0.0,0.1084156,243.5,0.0,0.0,402.0
1648825920,0.024495125,0.0,0.0,0.086390495,191.0,0.0,0.0,313.0
1648825980,0.029899597,0.0,0.0,0.10714483,228.0,0.0,0.0,385.5
1648826040,0.022876263,0.0,0.0,0.050776005,179.0,0.0,0.0,293.0
1648826100,0.028630257,0.0,0.0,0.106449604,221.0,0.0,0.0,368.5
1648826160,0.025862217,0.0,0.0,0.0873065,200.5,0.0,0.0,331.0
1648826220,0.027226448,0.0,0.0,0.08801556,207.0,0.0,0.0,352.5
1648826280,0.02559805,0.0,0.0,0.08712721,198.5,0.0,0.0,327.0
1648826340,0.024472237,0.0,0.0,0.06879091,186.5,0.0,0.0,317.5
1648826400,0.029062271,0.0,0.0,0.1069684,227.0,0.0,0.0,371.5
1648826460,0.022390842,0.0,0.0,0.06764698,173.5,0.0,0.0,285.0
1648826520,0.025957584,0.0,0.0,0.08752298,202.5,0.0,0.0,329.0
1648826580,0.029404163,0.0,0.0,0.0892005,221.5,0.0,0.0,386.0
1648826640,0.02532196,0.0,0.0,0.086977005,197.0,0.0,0.0,321.5
1648826700,0.0294528,0.0,0.0,0.12404108,223.5,0.0,0.0,382.5
1648826760,0.0242095,0.0,0.0,0.05145693,186.5,0.0,0.0,313.0
1648826820,0.030146599,0.0,0.0,0.12480354,232.0,0.0,0.0,386.5
1648826880,0.027730465,0.0,0.0,0.08839655,211.5,0.0,0.0,341.5
1648826940,0.60666704,0.0,0.0,0.10630703,324.5,0.0,0.0,458.0
1648827000,0.02580452,0.0,0.0,0.068642616,185.5,0.0,0.0,313.5
1648827060,0.030303001,0.0,0.0,0.1064682,221.0,0.0,0.0,392.5
1648827120,0.031388283,0.0,0.0,0.109251976,224.0,0.0,0.0,395.5
1648827180,0.029389381,0.0,0.0,0.0770998,196.0,0.0,0.0,369.0
1648827240,0.030212402,0.0,0.0,0.08772564,204.0,0.0,0.0,380.5
1648827300,0.026811123,0.0,0.0,0.086153984,186.5,0.0,0.0,343.5
1648827360,0.026361942,0.0,0.0,0.06891394,187.5,0.0,0.0,338.0
1648827420,0.02965498,0.0,0.0,0.10692978,225.0,0.0,0.0,381.0
1648827480,0.02753973,0.0,0.0,0.07069492,207.0,0.0,0.0,325.5
1648827540,0.026961803,0.0,0.0,0.08837271,213.0,0.0,0.0,343.5
1648827600,0.026649952,0.0,0.0,0.08765268,204.5,0.0,0.0,345.0
1648827660,0.029057503,0.0,0.0,0.12393093,222.0,0.0,0.0,372.0
1648827720,0.023920536,0.0,0.0,0.050871372,180.0,0.0,0.0,314.5
1648827780,0.031626225,0.0,0.0,0.12573099,242.5,0.0,0.0,404.0
1648827840,0.022236347,0.0,0.0,0.049806118,168.0,0.0,0.0,292.5
1648827900,0.030491352,0.0,0.0,0.12508535,235.5,0.0,0.0,391.0
1648827960,0.021360874,0.0,0.0,0.04931879,162.5,0.0,0.0,278.0
1648828020,0.029262543,0.0,0.0,0.10698366,226.0,0.0,0.0,372.0
1648828080,0.026936531,0.0,0.0,0.08757305,203.0,0.0,0.0,354.5
1648828140,0.027400017,0.0,0.0,0.10586023,214.5,0.0,0.0,346.5
1648828200,0.02436781,0.0,0.0,0.051225185,183.5,0.0,0.0,321.5
1648828260,0.02714777,0.0,0.0,0.10559559,211.5,0.0,0.0,344.5
1648828320,0.026587963,0.0,0.0,0.08732557,201.0,0.0,0.0,348.5
1648828380,0.025166512,0.0,0.0,0.069616795,196.0,0.0,0.0,321.0
1648828440,0.029083252,0.0,0.0,0.10617876,217.5,0.0,0.0,382.5
1648828500,0.026490211,0.0,0.0,0.087854385,206.5,0.0,0.0,338.0
1648828560,0.028876305,0.0,0.0,0.1060977,217.0,0.0,0.0,379.5
1648828620,0.027616978,0.0,0.0,0.08843374,213.0,0.0,0.0,354.5
1648828680,0.023335457,0.0,0.0,0.067864895,176.5,0.0,0.0,304.5
1648828740,0.026852608,0.0,0.0,0.07055807,205.5,0.0,0.0,329.0
